Timestamp,Name,ID,URL,Time Spent
2023-12-30 12:52:18,Adrian,107,www.myschool.com,10m
2023-12-30 12:12:48,Alyssa,282,www.myschool.com,77m
2023-12-30 05:06:32,Jenna,24,www.myschool.com,25m
2023-12-29 04:03:00,Preston,6,www.myschool.com,83m
2023-12-28 22:23:43,Brian,9,www.myschool.com,84m
2023-12-28 20:47:01,Andrea,198,www.myschool.com,36m
2023-12-28 19:52:03,Ellie,15,www.myschool.com,32m
2023-12-28 18:21:46,Eduardo,52,www.myschool.com,48m
2023-12-28 12:06:12,Henry,43,www.myschool.com,90m
2023-12-28 02:21:42,Charlotte,77,www.myschool.com,75m
2023-12-27 22:37:43,Isabelle,322,www.myschool.com,43m
2023-12-27 20:46:08,Reagan,27,www.myschool.com,33m
2023-12-27 14:51:23,Alyssa,282,www.myschool.com,11m
2023-12-26 16:26:35,Derek,323,www.myschool.com,55m
2023-12-25 18:01:27,Riley,347,www.myschool.com,54m
2023-12-25 17:10:42,Francisco,284,www.myschool.com,56m
2023-12-25 12:21:03,Sydney,226,www.myschool.com,51m
2023-12-25 05:25:18,Bailey,147,www.myschool.com,28m
2023-12-25 03:34:01,Riley,103,www.myschool.com,70m
2023-12-24 23:01:00,Shane,266,www.myschool.com,38m
2023-12-24 21:33:56,Jillian,268,www.myschool.com,53m
2023-12-24 05:07:32,Mark,16,www.myschool.com,92m
2023-12-23 14:22:00,Jocelyn,37,www.myschool.com,95m
2023-12-23 11:03:21,Ashley,155,www.myschool.com,76m
2023-12-23 08:29:43,Jacob,145,www.myschool.com,105m
2023-12-22 22:22:43,Isaiah,69,www.myschool.com,76m
2023-12-22 20:19:17,Hailey,116,www.myschool.com,38m
2023-12-22 12:23:34,Amy,70,www.myschool.com,96m
2023-12-22 10:29:16,Peyton,75,www.myschool.com,115m
2023-12-22 08:33:18,Angelina,114,www.myschool.com,40m
2023-12-21 13:49:15,Haley,216,www.myschool.com,15m
2023-12-21 12:35:31,Javier,222,www.myschool.com,28m
2023-12-21 11:09:47,Amy,70,www.myschool.com,39m
2023-12-21 04:09:08,Jack,199,www.myschool.com,70m
2023-12-21 03:17:56,Bradley,373,www.myschool.com,99m
2023-12-21 01:32:26,Colby,264,www.myschool.com,89m
2023-12-20 22:24:47,Dakota,82,www.myschool.com,104m
2023-12-20 18:34:40,Kimberly,92,www.myschool.com,64m
2023-12-20 18:18:30,Carter,7,www.myschool.com,11m
2023-12-20 10:25:38,Victoria,325,www.myschool.com,105m
2023-12-20 07:15:38,Micah,120,www.myschool.com,65m
2023-12-20 05:10:10,Camila,99,www.myschool.com,96m
2023-12-20 00:55:54,Isaac,181,www.myschool.com,9m
2023-12-20 00:20:53,Nathan,279,www.myschool.com,3m
2023-12-19 19:18:14,Giovanni,124,www.myschool.com,49m
2023-12-19 08:16:38,Catherine,389,www.myschool.com,15m
2023-12-19 06:04:13,Martin,62,www.myschool.com,110m
2023-12-19 04:39:38,Daniel,17,www.myschool.com,97m
2023-12-18 13:35:37,Jacob,145,www.myschool.com,82m
2023-12-18 13:17:19,Kaden,397,www.myschool.com,97m
2023-12-18 09:15:43,Liam,112,www.myschool.com,38m
2023-12-18 08:09:47,Derek,323,www.myschool.com,0m
2023-12-18 03:42:44,Shane,266,www.myschool.com,2m
2023-12-17 22:57:05,Alexia,383,www.myschool.com,94m
2023-12-17 18:51:19,Vincent,253,www.myschool.com,19m
2023-12-17 17:24:18,Eva,388,www.myschool.com,25m
2023-12-17 17:02:15,Eva,388,www.myschool.com,120m
2023-12-17 15:43:49,Chloe,26,www.myschool.com,111m
2023-12-17 05:35:52,Aubrey,10,www.myschool.com,102m
2023-12-16 23:15:15,Carter,7,www.myschool.com,44m
2023-12-16 22:58:43,Maya,95,www.myschool.com,88m
2023-12-16 20:08:07,Patrick,324,www.myschool.com,11m
2023-12-16 18:13:57,Justin,204,www.myschool.com,63m
2023-12-16 16:06:21,Abby,260,www.myschool.com,83m
2023-12-16 14:30:49,Elijah,341,www.myschool.com,11m
2023-12-16 13:27:10,Andrew,177,www.myschool.com,74m
2023-12-15 22:34:45,Olivia,245,www.myschool.com,71m
2023-12-15 13:45:35,Mckenzie,170,www.myschool.com,79m
2023-12-15 06:53:16,Ariana,64,www.myschool.com,72m
2023-12-15 05:47:12,Caitlin,304,www.myschool.com,117m
2023-12-15 01:12:41,Owen,358,www.myschool.com,116m
2023-12-14 21:34:23,Alex,72,www.myschool.com,81m
2023-12-14 16:21:49,Mya,168,www.myschool.com,38m
2023-12-14 15:33:03,Dakota,82,www.myschool.com,33m
2023-12-14 15:10:58,Bryson,3,www.myschool.com,103m
2023-12-14 08:36:08,Ethan,101,www.myschool.com,20m
2023-12-14 06:02:49,Nevaeh,13,www.myschool.com,33m
2023-12-13 23:21:52,Ethan,101,www.myschool.com,22m
2023-12-12 19:19:00,Anthony,248,www.myschool.com,101m
2023-12-12 12:21:49,Carlos,293,www.myschool.com,52m
2023-12-12 11:49:55,Stephen,239,www.myschool.com,5m
2023-12-12 08:01:25,Megan,210,www.myschool.com,25m
2023-12-12 07:49:53,Kylie,243,www.myschool.com,7m
2023-12-12 04:14:47,Madison,51,www.myschool.com,70m
2023-12-12 00:21:04,Alex,72,www.myschool.com,12m
2023-12-11 18:43:19,Chloe,26,www.myschool.com,38m
2023-12-11 10:54:23,Christopher,148,www.myschool.com,120m
2023-12-11 04:32:01,Natalie,288,www.myschool.com,93m
2023-12-11 04:22:19,Derek,323,www.myschool.com,84m
2023-12-10 05:09:50,Kimberly,92,www.myschool.com,16m
2023-12-09 07:24:41,Anthony,248,www.myschool.com,26m
2023-12-08 14:54:07,Matthew,273,www.myschool.com,107m
2023-12-08 08:47:08,Landon,365,www.myschool.com,13m
2023-12-08 03:19:29,Alyssa,282,www.myschool.com,49m
2023-12-08 01:18:11,Vincent,253,www.myschool.com,101m
2023-12-07 03:38:24,Megan,210,www.myschool.com,68m
2023-12-07 01:14:16,Adam,166,www.myschool.com,101m
2023-12-06 23:38:58,Anna,326,www.myschool.com,70m
2023-12-06 12:58:32,Leslie,4,www.myschool.com,7m
2023-12-06 08:46:36,Juliana,29,www.myschool.com,22m
2023-12-06 06:19:01,Aidan,8,www.myschool.com,79m
2023-12-06 05:50:04,Ryan,200,www.myschool.com,88m
2023-12-05 21:20:58,Adam,166,www.myschool.com,61m
2023-12-05 18:30:29,Angela,65,www.myschool.com,24m
2023-12-04 22:36:44,David,115,www.myschool.com,111m
2023-12-04 11:40:31,Kelsey,162,www.myschool.com,42m
2023-12-04 05:39:46,Morgan,277,www.myschool.com,15m
2023-12-04 02:01:41,Ayden,287,www.myschool.com,109m
2023-12-03 06:53:49,Elijah,341,www.myschool.com,29m
2023-12-03 05:07:22,Wyatt,139,www.myschool.com,76m
2023-12-02 23:45:15,Kevin,67,www.myschool.com,104m
2023-12-02 22:05:26,Lilly,165,www.myschool.com,60m
2023-12-02 15:50:19,Layla,227,www.myschool.com,41m
2023-12-02 06:14:07,Taylor,363,www.myschool.com,91m
2023-12-02 00:00:54,Robert,136,www.myschool.com,65m
2023-12-01 22:41:57,Valerie,143,www.myschool.com,84m
2023-12-01 22:38:23,Alejandro,349,www.myschool.com,78m
2023-12-01 21:11:03,Brandon,297,www.myschool.com,30m
2023-12-01 18:50:57,Isabella,125,www.myschool.com,96m
2023-12-01 16:31:32,Josiah,80,www.myschool.com,28m
2023-12-01 01:10:27,Kathryn,367,www.myschool.com,58m
2023-12-01 00:55:46,Ian,319,www.myschool.com,7m
2023-11-30 16:08:50,Brian,9,www.myschool.com,91m
2023-11-30 07:14:28,Victor,201,www.myschool.com,95m
2023-11-30 06:38:08,Chelsea,252,www.myschool.com,11m
2023-11-30 05:27:29,Tiffany,250,www.myschool.com,83m
2023-11-29 16:58:00,Lindsey,94,www.myschool.com,84m
2023-11-29 12:09:26,Caleb,275,www.myschool.com,9m
2023-11-29 11:57:31,Brittany,188,www.myschool.com,98m
2023-11-29 10:32:06,Jordyn,289,www.myschool.com,78m
2023-11-29 08:28:50,Jazmin,294,www.myschool.com,95m
2023-11-28 11:52:55,Sydney,226,www.myschool.com,107m
2023-11-28 01:20:45,Martin,62,www.myschool.com,101m
2023-11-27 12:29:56,Sierra,183,www.myschool.com,119m
2023-11-26 14:14:11,Parker,133,www.myschool.com,66m
2023-11-26 13:26:37,Rylee,140,www.myschool.com,119m
2023-11-26 13:22:04,Alexander,214,www.myschool.com,74m
2023-11-26 12:31:53,Logan,256,www.myschool.com,45m
2023-11-26 06:11:35,William,368,www.myschool.com,40m
2023-11-25 15:01:24,Alyssa,282,www.myschool.com,80m
2023-11-25 13:40:35,Max,271,www.myschool.com,7m
2023-11-25 12:21:03,Kaden,397,www.myschool.com,61m
2023-11-24 22:25:47,Mackenzie,315,www.myschool.com,63m
2023-11-24 13:51:56,Amber,400,www.myschool.com,0m
2023-11-24 10:30:35,Kaitlyn,369,www.myschool.com,108m
2023-11-24 01:28:03,Molly,269,www.myschool.com,115m
2023-11-24 00:08:47,Cooper,374,www.myschool.com,69m
2023-11-23 15:13:59,Devon,267,www.myschool.com,76m
2023-11-23 11:41:37,Maxwell,343,www.myschool.com,75m
2023-11-23 09:50:09,Zoey,235,www.myschool.com,22m
2023-11-22 16:40:25,Edwin,290,www.myschool.com,35m
2023-11-22 01:51:48,Brayden,44,www.myschool.com,60m
2023-11-21 15:46:43,Alan,104,www.myschool.com,84m
2023-11-21 15:17:33,Caitlin,304,www.myschool.com,22m
2023-11-21 11:55:49,Lily,328,www.myschool.com,9m
2023-11-21 07:48:57,Jenna,24,www.myschool.com,43m
2023-11-21 02:37:08,Omar,191,www.myschool.com,38m
2023-11-21 00:05:26,Nevaeh,13,www.myschool.com,73m
2023-11-20 22:26:22,Mason,134,www.myschool.com,93m
2023-11-20 21:10:25,Evelyn,180,www.myschool.com,118m
2023-11-20 15:38:42,Payton,50,www.myschool.com,115m
2023-11-20 12:44:35,Taylor,363,www.myschool.com,48m
2023-11-20 11:30:05,Jackson,223,www.myschool.com,15m
2023-11-20 04:25:25,Cody,42,www.myschool.com,44m
2023-11-19 15:39:05,Ruby,60,www.myschool.com,13m
2023-11-19 14:05:04,Colby,264,www.myschool.com,91m
2023-11-19 12:48:14,Amber,400,www.myschool.com,48m
2023-11-19 12:12:54,Oscar,351,www.myschool.com,35m
2023-11-19 05:42:42,Jayla,63,www.myschool.com,14m
2023-11-19 05:41:46,Kiara,174,www.myschool.com,5m
2023-11-19 05:22:40,Oliver,47,www.myschool.com,9m
2023-11-19 04:20:12,Katie,1,www.myschool.com,116m
2023-11-18 23:50:57,Gabriel,56,www.myschool.com,75m
2023-11-18 20:51:49,Ella,306,www.myschool.com,107m
2023-11-18 17:10:42,Katelyn,127,www.myschool.com,49m
2023-11-18 05:03:18,Chelsea,252,www.myschool.com,108m
2023-11-18 01:04:36,Mary,73,www.myschool.com,12m
2023-11-17 20:19:04,Parker,133,www.myschool.com,39m
2023-11-17 11:59:02,Elijah,341,www.myschool.com,104m
2023-11-17 08:53:52,Erick,102,www.myschool.com,80m
2023-11-17 08:06:10,Conner,229,www.myschool.com,72m
2023-11-16 20:50:13,Melissa,137,www.myschool.com,61m
2023-11-16 11:22:07,Gage,329,www.myschool.com,13m
2023-11-16 00:06:15,Johnathan,295,www.myschool.com,107m
2023-11-15 22:18:21,Colton,175,www.myschool.com,87m
2023-11-15 14:16:35,Michelle,14,www.myschool.com,10m
2023-11-15 13:07:51,Sebastian,154,www.myschool.com,119m
2023-11-15 12:25:13,Manuel,350,www.myschool.com,67m
2023-11-15 11:07:35,Erin,194,www.myschool.com,100m
2023-11-15 10:42:30,Sara,276,www.myschool.com,15m
2023-11-15 08:24:12,Alexa,308,www.myschool.com,25m
2023-11-14 10:58:34,Lucy,377,www.myschool.com,31m
2023-11-14 05:33:44,Kathryn,367,www.myschool.com,21m
2023-11-13 20:00:54,Edwin,290,www.myschool.com,96m
2023-11-13 13:37:27,Cole,317,www.myschool.com,89m
2023-11-13 09:16:34,Oscar,351,www.myschool.com,18m
2023-11-13 02:27:10,Breanna,48,www.myschool.com,104m
2023-11-12 07:32:23,Miranda,195,www.myschool.com,29m
2023-11-12 05:43:55,Ricardo,247,www.myschool.com,61m
2023-11-12 01:46:36,Nathan,279,www.myschool.com,78m
2023-11-11 23:52:36,Gregory,382,www.myschool.com,29m
2023-11-11 18:45:42,Brandon,297,www.myschool.com,50m
2023-11-11 16:48:12,Dylan,237,www.myschool.com,74m
2023-11-11 12:22:22,Leah,301,www.myschool.com,55m
2023-11-11 09:48:16,Sydney,226,www.myschool.com,61m
2023-11-11 06:20:23,Hope,340,www.myschool.com,76m
2023-11-10 23:34:06,Hunter,150,www.myschool.com,47m
2023-11-10 16:10:03,Autumn,31,www.myschool.com,38m
2023-11-10 15:27:51,Jeffrey,12,www.myschool.com,103m
2023-11-10 12:12:14,Gabriela,88,www.myschool.com,44m
2023-11-10 01:50:53,Kayla,240,www.myschool.com,87m
2023-11-08 22:44:16,Caleb,275,www.myschool.com,42m
2023-11-08 22:37:02,Jeremy,105,www.myschool.com,33m
2023-11-08 21:15:47,Sofia,156,www.myschool.com,58m
2023-11-08 13:33:15,Steven,85,www.myschool.com,18m
2023-11-07 19:06:54,Jessica,138,www.myschool.com,79m
2023-11-07 17:49:26,Chloe,26,www.myschool.com,70m
2023-11-07 13:02:19,Colin,311,www.myschool.com,70m
2023-11-07 00:56:42,Francisco,284,www.myschool.com,2m
2023-11-06 19:45:46,Bradley,373,www.myschool.com,56m
2023-11-06 11:47:43,Brooke,318,www.myschool.com,76m
2023-11-06 10:08:29,Jessica,138,www.myschool.com,19m
2023-11-06 06:52:48,Cristian,59,www.myschool.com,40m
2023-11-06 03:00:01,Jesse,186,www.myschool.com,86m
2023-11-05 19:00:36,Naomi,378,www.myschool.com,27m
2023-11-05 13:42:27,Cesar,332,www.myschool.com,107m
2023-11-05 12:38:38,Leonardo,270,www.myschool.com,7m
2023-11-05 10:45:09,Derek,323,www.myschool.com,59m
2023-11-05 10:15:48,Javier,222,www.myschool.com,40m
2023-11-05 09:01:47,Jazmin,294,www.myschool.com,56m
2023-11-05 01:26:43,Josiah,80,www.myschool.com,69m
2023-11-05 00:00:53,Jalen,254,www.myschool.com,107m
2023-11-04 20:11:20,Tristan,28,www.myschool.com,86m
2023-11-04 19:27:58,Alejandro,349,www.myschool.com,37m
2023-11-04 19:04:09,Leonardo,270,www.myschool.com,101m
2023-11-04 16:11:43,Makenzie,356,www.myschool.com,108m
2023-11-04 05:28:00,Isabel,218,www.myschool.com,89m
2023-11-04 05:21:22,Patrick,324,www.myschool.com,31m
2023-11-03 15:43:55,Nathan,279,www.myschool.com,82m
2023-11-03 14:19:40,Serenity,366,www.myschool.com,45m
2023-11-03 10:01:01,Angelina,114,www.myschool.com,114m
2023-11-03 05:30:27,Leslie,4,www.myschool.com,105m
2023-11-02 17:00:42,Carson,171,www.myschool.com,95m
2023-11-02 06:28:15,Tanner,221,www.myschool.com,47m
2023-11-02 04:08:23,Emma,41,www.myschool.com,36m
2023-11-01 15:35:05,Sophie,113,www.myschool.com,98m
2023-11-01 15:17:48,Katelyn,127,www.myschool.com,40m
2023-11-01 14:48:55,Joel,142,www.myschool.com,27m
2023-11-01 04:08:31,Peter,398,www.myschool.com,21m
2023-10-31 19:40:56,Hannah,330,www.myschool.com,75m
2023-10-31 14:57:57,Alexander,214,www.myschool.com,102m
2023-10-31 12:13:02,Richard,259,www.myschool.com,61m
2023-10-31 11:53:12,Paul,386,www.myschool.com,16m
2023-10-31 01:32:12,Megan,210,www.myschool.com,43m
2023-10-30 20:19:29,Brittany,188,www.myschool.com,70m
2023-10-30 18:45:44,Kiara,174,www.myschool.com,108m
2023-10-30 15:10:54,Ayden,287,www.myschool.com,73m
2023-10-30 06:23:30,Megan,210,www.myschool.com,107m
2023-10-29 23:34:23,Gabriella,359,www.myschool.com,50m
2023-10-29 22:27:22,Joshua,371,www.myschool.com,14m
2023-10-29 06:26:34,Natalie,288,www.myschool.com,30m
2023-10-29 04:57:09,Jackson,223,www.myschool.com,69m
2023-10-29 03:56:50,Rachel,11,www.myschool.com,72m
2023-10-29 01:00:57,Connor,224,www.myschool.com,81m
2023-10-28 17:39:55,Christina,178,www.myschool.com,58m
2023-10-28 07:59:26,Nevaeh,13,www.myschool.com,38m
2023-10-28 01:22:35,David,115,www.myschool.com,30m
2023-10-27 10:38:49,Jayden,299,www.myschool.com,44m
2023-10-26 21:00:38,Aidan,8,www.myschool.com,67m
2023-10-26 07:00:18,Brandon,297,www.myschool.com,59m
2023-10-25 16:20:36,Isabel,218,www.myschool.com,21m
2023-10-25 12:47:10,Amber,400,www.myschool.com,82m
2023-10-25 11:08:16,Blake,339,www.myschool.com,56m
2023-10-25 09:00:06,Jennifer,18,www.myschool.com,89m
2023-10-25 06:20:17,Erica,231,www.myschool.com,12m
2023-10-25 05:51:12,Alex,72,www.myschool.com,69m
2023-10-24 18:58:20,Aaliyah,21,www.myschool.com,14m
2023-10-24 09:00:08,Amy,70,www.myschool.com,23m
2023-10-24 04:22:48,Rebecca,312,www.myschool.com,69m
2023-10-24 01:25:42,Diego,49,www.myschool.com,43m
2023-10-23 23:38:09,Jeremy,105,www.myschool.com,71m
2023-10-23 16:50:28,Jonah,157,www.myschool.com,36m
2023-10-23 09:24:05,Madeline,66,www.myschool.com,56m
2023-10-23 03:46:55,Devon,267,www.myschool.com,37m
2023-10-23 03:13:49,Kaleb,236,www.myschool.com,4m
2023-10-22 08:23:50,Garrett,357,www.myschool.com,14m
2023-10-22 03:03:10,Jenna,24,www.myschool.com,32m
2023-10-21 21:13:54,Danielle,396,www.myschool.com,55m
2023-10-21 12:56:20,Malachi,320,www.myschool.com,63m
2023-10-21 12:12:12,Shane,266,www.myschool.com,79m
2023-10-21 07:11:56,Cheyenne,280,www.myschool.com,99m
2023-10-20 16:50:26,Eli,309,www.myschool.com,45m
2023-10-20 07:07:50,Andrew,177,www.myschool.com,32m
2023-10-20 06:27:53,Landon,365,www.myschool.com,86m
2023-10-20 03:11:16,Sebastian,154,www.myschool.com,84m
2023-10-19 16:23:13,Colin,311,www.myschool.com,113m
2023-10-19 13:51:12,Edgar,98,www.myschool.com,113m
2023-10-19 05:43:24,Amy,70,www.myschool.com,43m
2023-10-19 04:38:27,Eduardo,52,www.myschool.com,7m
2023-10-19 00:20:43,Daniel,17,www.myschool.com,30m
2023-10-18 22:22:32,Levi,313,www.myschool.com,83m
2023-10-18 21:57:38,Kyle,68,www.myschool.com,90m
2023-10-18 18:50:52,David,115,www.myschool.com,93m
2023-10-18 18:37:09,Naomi,378,www.myschool.com,7m
2023-10-18 17:43:43,Raymond,208,www.myschool.com,117m
2023-10-18 15:58:46,Jonah,157,www.myschool.com,115m
2023-10-18 11:47:37,Erik,163,www.myschool.com,48m
2023-10-18 01:35:16,Joel,142,www.myschool.com,93m
2023-10-17 05:12:27,Zoey,235,www.myschool.com,69m
2023-10-17 02:28:56,Marcus,292,www.myschool.com,102m
2023-10-16 08:50:28,Edward,54,www.myschool.com,94m
2023-10-16 05:30:47,Cole,317,www.myschool.com,17m
2023-10-16 02:52:38,Maria,352,www.myschool.com,17m
2023-10-16 00:12:56,Eduardo,52,www.myschool.com,109m
2023-10-15 18:06:54,Bryce,232,www.myschool.com,118m
2023-10-15 10:01:09,Brayden,44,www.myschool.com,19m
2023-10-14 19:35:30,Kaitlyn,369,www.myschool.com,74m
2023-10-14 11:07:47,Karina,159,www.myschool.com,67m
2023-10-14 07:03:52,Amanda,86,www.myschool.com,120m
2023-10-13 17:37:24,James,164,www.myschool.com,29m
2023-10-13 13:47:04,Carter,7,www.myschool.com,90m
2023-10-13 12:20:07,Ava,376,www.myschool.com,42m
2023-10-13 09:59:09,Trevor,261,www.myschool.com,4m
2023-10-13 06:22:45,Aubrey,10,www.myschool.com,120m
2023-10-13 06:06:07,Kaitlyn,369,www.myschool.com,96m
2023-10-13 03:43:21,Jillian,268,www.myschool.com,61m
2023-10-12 19:57:08,Hector,361,www.myschool.com,58m
2023-10-12 15:46:10,Jeremy,105,www.myschool.com,6m
2023-10-12 14:58:53,Catherine,389,www.myschool.com,106m
2023-10-12 14:44:11,Adam,166,www.myschool.com,77m
2023-10-12 07:51:09,Andrea,198,www.myschool.com,70m
2023-10-12 05:58:28,Henry,43,www.myschool.com,82m
2023-10-11 22:14:46,Victor,201,www.myschool.com,38m
2023-10-11 22:06:49,Sophie,113,www.myschool.com,105m
2023-10-11 20:21:42,Brooklyn,215,www.myschool.com,64m
2023-10-11 10:50:27,Elijah,341,www.myschool.com,84m
2023-10-11 00:06:33,George,20,www.myschool.com,111m
2023-10-10 23:17:41,Justin,204,www.myschool.com,26m
2023-10-10 14:47:30,Caden,225,www.myschool.com,78m
2023-10-10 06:50:50,Briana,74,www.myschool.com,49m
2023-10-10 03:44:46,Cassidy,39,www.myschool.com,41m
2023-10-10 00:14:24,Erica,231,www.myschool.com,13m
2023-10-09 22:29:34,Luke,45,www.myschool.com,20m
2023-10-09 08:28:26,Nathan,279,www.myschool.com,23m
2023-10-09 05:51:49,Jordan,387,www.myschool.com,61m
2023-10-09 03:38:34,Jade,22,www.myschool.com,90m
2023-10-09 01:51:53,Nicole,251,www.myschool.com,80m
2023-10-07 17:44:02,Levi,313,www.myschool.com,69m
2023-10-07 00:53:31,Andrea,198,www.myschool.com,11m
2023-10-06 23:09:11,Madelyn,334,www.myschool.com,43m
2023-10-06 20:56:25,Natalia,206,www.myschool.com,2m
2023-10-06 10:00:12,Katie,1,www.myschool.com,119m
2023-10-06 02:54:40,Kimberly,92,www.myschool.com,52m
2023-10-05 20:18:31,Tanner,221,www.myschool.com,63m
2023-10-05 17:28:43,Angelina,114,www.myschool.com,20m
2023-10-05 17:17:03,Erick,102,www.myschool.com,41m
2023-10-05 11:07:24,Katelyn,127,www.myschool.com,68m
2023-10-05 04:46:17,Jaden,384,www.myschool.com,42m
2023-10-04 22:04:02,Daniel,17,www.myschool.com,14m
2023-10-04 12:31:50,Tristan,28,www.myschool.com,92m
2023-10-04 11:22:32,Arianna,108,www.myschool.com,42m
2023-10-04 02:08:04,Gabrielle,58,www.myschool.com,107m
2023-10-03 21:29:43,Jackson,223,www.myschool.com,19m
2023-10-03 08:54:37,Ashlyn,381,www.myschool.com,20m
2023-10-02 12:21:13,Shane,266,www.myschool.com,67m
2023-10-01 21:14:19,Sadie,353,www.myschool.com,42m
2023-10-01 15:17:14,Johnathan,295,www.myschool.com,45m
2023-10-01 13:41:06,Elizabeth,184,www.myschool.com,119m
2023-10-01 08:58:51,Stephanie,141,www.myschool.com,116m
2023-09-30 22:20:30,Edward,54,www.myschool.com,78m
2023-09-30 21:55:14,Chelsea,252,www.myschool.com,99m
2023-09-30 17:13:55,Jacqueline,394,www.myschool.com,7m
2023-09-30 17:03:21,Jillian,268,www.myschool.com,59m
2023-09-30 03:03:41,Henry,43,www.myschool.com,45m
2023-09-30 02:50:49,Danielle,396,www.myschool.com,73m
2023-09-30 02:14:14,Charlotte,77,www.myschool.com,119m
2023-09-30 00:45:26,Jared,399,www.myschool.com,90m
2023-09-29 15:18:44,Aaron,169,www.myschool.com,13m
2023-09-29 00:39:57,Giselle,122,www.myschool.com,47m
2023-09-28 17:36:51,Martin,62,www.myschool.com,81m
2023-09-28 05:45:21,Nathan,279,www.myschool.com,9m
2023-09-28 04:50:24,Jason,119,www.myschool.com,118m
2023-09-27 04:42:21,Colton,175,www.myschool.com,9m
2023-09-26 11:56:19,Miguel,19,www.myschool.com,102m
2023-09-26 01:13:52,Kennedy,71,www.myschool.com,11m
2023-09-25 12:47:10,Brendan,392,www.myschool.com,117m
2023-09-25 08:03:42,Amy,70,www.myschool.com,72m
2023-09-24 18:03:39,Rachel,11,www.myschool.com,31m
2023-09-24 13:30:17,Tristan,28,www.myschool.com,53m
2023-09-24 11:17:32,Jonah,157,www.myschool.com,34m
2023-09-24 09:36:06,Naomi,378,www.myschool.com,55m
2023-09-23 21:56:04,Marissa,393,www.myschool.com,108m
2023-09-23 06:40:55,Noah,234,www.myschool.com,49m
2023-09-22 11:14:16,Jeffrey,12,www.myschool.com,72m
2023-09-21 07:59:53,Cole,317,www.myschool.com,40m
2023-09-21 05:20:17,Sarah,128,www.myschool.com,3m
2023-09-21 00:07:37,Brayden,44,www.myschool.com,7m
2023-09-20 19:26:17,Brandon,297,www.myschool.com,47m
2023-09-20 16:55:28,Arianna,108,www.myschool.com,74m
2023-09-20 12:15:18,Bianca,285,www.myschool.com,14m
2023-09-20 01:22:46,Colin,311,www.myschool.com,82m
2023-09-19 18:20:27,Spencer,286,www.myschool.com,65m
2023-09-19 15:14:06,Brianna,385,www.myschool.com,73m
2023-09-19 12:09:18,Sierra,183,www.myschool.com,115m
2023-09-19 06:36:41,Kathryn,367,www.myschool.com,37m
2023-09-19 03:47:29,Jake,217,www.myschool.com,74m
2023-09-19 00:03:46,Nathaniel,93,www.myschool.com,110m
2023-09-18 16:57:22,Samuel,179,www.myschool.com,43m
2023-09-17 21:01:00,Brayden,44,www.myschool.com,117m
2023-09-17 20:31:44,Joseph,255,www.myschool.com,116m
2023-09-17 18:06:24,Leah,301,www.myschool.com,50m
2023-09-17 15:56:56,Jonathan,345,www.myschool.com,71m
2023-09-17 13:49:12,Delaney,360,www.myschool.com,40m
2023-09-17 08:11:54,Gabriela,88,www.myschool.com,115m
2023-09-17 05:50:52,Christian,131,www.myschool.com,19m
2023-09-16 20:26:11,Genesis,129,www.myschool.com,1m
2023-09-16 02:49:19,Andres,23,www.myschool.com,92m
2023-09-15 16:04:50,Damian,34,www.myschool.com,67m
2023-09-15 12:41:26,Steven,85,www.myschool.com,96m
2023-09-15 06:01:40,Cooper,374,www.myschool.com,21m
2023-09-15 05:35:57,Faith,338,www.myschool.com,69m
2023-09-14 17:02:26,Victor,201,www.myschool.com,110m
2023-09-14 12:41:49,Samuel,179,www.myschool.com,82m
2023-09-14 09:42:48,Ashley,155,www.myschool.com,113m
2023-09-13 19:56:53,Claire,337,www.myschool.com,78m
2023-09-13 16:09:11,Carlos,293,www.myschool.com,2m
2023-09-13 14:45:32,Giovanni,124,www.myschool.com,38m
2023-09-13 07:17:25,Garrett,357,www.myschool.com,62m
2023-09-13 07:05:14,Margaret,220,www.myschool.com,46m
2023-09-12 23:24:54,Erica,231,www.myschool.com,25m
2023-09-12 15:52:14,Andres,23,www.myschool.com,100m
2023-09-12 11:51:14,Shane,266,www.myschool.com,105m
2023-09-12 10:32:07,Jeremy,105,www.myschool.com,66m
2023-09-12 05:08:48,Jayden,299,www.myschool.com,100m
2023-09-11 18:17:03,Eva,388,www.myschool.com,21m
2023-09-11 06:51:30,Kylie,243,www.myschool.com,29m
2023-09-11 02:42:55,Brendan,392,www.myschool.com,106m
2023-09-10 18:20:07,Caleb,275,www.myschool.com,27m
2023-09-10 17:10:08,Abraham,57,www.myschool.com,94m
2023-09-10 05:18:16,Madison,51,www.myschool.com,119m
2023-09-10 05:16:16,Grace,132,www.myschool.com,82m
2023-09-10 02:43:32,Edgar,98,www.myschool.com,17m
2023-09-10 01:23:29,Briana,74,www.myschool.com,79m
2023-09-10 00:15:02,Mary,73,www.myschool.com,3m
2023-09-09 19:07:38,Gregory,382,www.myschool.com,70m
2023-09-09 17:24:38,Jose,144,www.myschool.com,85m
2023-09-09 14:52:26,Carson,171,www.myschool.com,103m
2023-09-09 07:49:25,Sabrina,197,www.myschool.com,105m
2023-09-08 21:58:47,Lydia,118,www.myschool.com,101m
2023-09-08 14:55:03,Jocelyn,37,www.myschool.com,78m
2023-09-08 09:55:23,Jayla,63,www.myschool.com,105m
2023-09-08 00:42:08,Catherine,389,www.myschool.com,92m
2023-09-07 11:28:51,Julia,97,www.myschool.com,29m
2023-09-07 08:55:15,Alexa,308,www.myschool.com,83m
2023-09-07 06:35:08,Ricardo,247,www.myschool.com,46m
2023-09-06 14:48:38,Emily,100,www.myschool.com,100m
2023-09-06 12:15:00,Kyle,68,www.myschool.com,6m
2023-09-06 08:00:46,Dakota,82,www.myschool.com,92m
2023-09-06 07:48:04,Adam,166,www.myschool.com,40m
2023-09-06 05:47:47,Travis,278,www.myschool.com,31m
2023-09-06 04:11:51,Sophie,113,www.myschool.com,58m
2023-09-05 23:44:31,Carson,171,www.myschool.com,24m
2023-09-05 19:33:34,Thomas,32,www.myschool.com,74m
2023-09-04 22:13:24,Kaleb,236,www.myschool.com,32m
2023-09-04 21:28:50,Bryson,3,www.myschool.com,91m
2023-09-04 18:21:26,Cassidy,39,www.myschool.com,91m
2023-09-04 04:07:04,Brianna,385,www.myschool.com,101m
2023-09-04 02:29:49,Landon,365,www.myschool.com,52m
2023-09-04 00:04:10,Jesse,186,www.myschool.com,32m
2023-09-03 20:51:17,Alan,104,www.myschool.com,28m
2023-09-03 17:44:55,Maya,95,www.myschool.com,64m
2023-09-03 11:21:57,Noah,234,www.myschool.com,86m
2023-09-03 03:28:10,Jeremiah,257,www.myschool.com,79m
2023-09-03 00:41:08,Paige,305,www.myschool.com,65m
2023-09-02 19:18:41,Richard,259,www.myschool.com,15m
2023-09-02 16:46:52,Briana,74,www.myschool.com,104m
2023-09-02 03:27:39,Diana,300,www.myschool.com,70m
2023-09-02 02:41:57,Gabriel,56,www.myschool.com,106m
2023-09-02 02:08:50,Malachi,320,www.myschool.com,68m
2023-09-02 00:17:51,Zachary,321,www.myschool.com,3m
2023-09-01 23:03:34,Karen,90,www.myschool.com,22m
2023-09-01 19:34:04,Sebastian,154,www.myschool.com,78m
2023-09-01 19:17:15,Jillian,268,www.myschool.com,5m
2023-09-01 12:31:07,Mason,134,www.myschool.com,3m
2023-09-01 11:23:52,Megan,210,www.myschool.com,109m
2023-09-01 10:26:58,Ethan,101,www.myschool.com,81m
2023-08-31 23:01:47,Christian,131,www.myschool.com,69m
2023-08-31 22:30:32,Alan,104,www.myschool.com,49m
2023-08-31 04:04:25,Claire,337,www.myschool.com,1m
2023-08-30 23:44:16,Sydney,226,www.myschool.com,8m
2023-08-30 12:31:33,Brooke,318,www.myschool.com,25m
2023-08-30 09:55:30,Victoria,325,www.myschool.com,76m
2023-08-30 08:09:50,Gabriela,88,www.myschool.com,107m
2023-08-29 17:37:53,Jayla,63,www.myschool.com,48m
2023-08-29 07:34:15,Cooper,374,www.myschool.com,6m
2023-08-29 05:08:19,Justin,204,www.myschool.com,59m
2023-08-29 02:40:39,Ashton,249,www.myschool.com,4m
2023-08-28 22:13:31,Henry,43,www.myschool.com,63m
2023-08-28 15:58:16,Morgan,277,www.myschool.com,65m
2023-08-28 15:43:04,Olivia,245,www.myschool.com,74m
2023-08-28 13:54:45,Melanie,391,www.myschool.com,94m
2023-08-28 13:01:35,Ruby,60,www.myschool.com,73m
2023-08-28 05:53:42,Bailey,147,www.myschool.com,64m
2023-08-27 20:36:08,Caitlyn,111,www.myschool.com,100m
2023-08-27 03:54:29,Garrett,357,www.myschool.com,21m
2023-08-26 20:16:59,Liliana,283,www.myschool.com,7m
2023-08-26 19:43:13,Diana,300,www.myschool.com,60m
2023-08-26 05:08:09,Christian,131,www.myschool.com,101m
2023-08-26 00:56:27,Zoey,235,www.myschool.com,107m
2023-08-25 14:10:06,Logan,256,www.myschool.com,42m
2023-08-25 13:24:59,Josiah,80,www.myschool.com,97m
2023-08-24 23:27:39,Brendan,392,www.myschool.com,0m
2023-08-24 19:26:14,Alexander,214,www.myschool.com,0m
2023-08-24 15:50:49,Alexia,383,www.myschool.com,20m
2023-08-24 15:00:48,Nolan,379,www.myschool.com,100m
2023-08-24 12:29:00,Kennedy,71,www.myschool.com,93m
2023-08-24 04:26:57,Jayden,299,www.myschool.com,78m
2023-08-23 20:40:13,Leah,301,www.myschool.com,13m
2023-08-23 01:58:27,Stephanie,141,www.myschool.com,74m
2023-08-23 00:44:46,Kate,167,www.myschool.com,79m
2023-08-22 02:21:34,Sophia,84,www.myschool.com,52m
2023-08-21 08:38:45,Eduardo,52,www.myschool.com,68m
2023-08-21 06:11:09,Leslie,4,www.myschool.com,83m
2023-08-20 22:49:02,Blake,339,www.myschool.com,22m
2023-08-20 17:32:19,Kevin,67,www.myschool.com,51m
2023-08-20 12:41:44,Dominic,161,www.myschool.com,69m
2023-08-19 19:35:16,Adrianna,233,www.myschool.com,57m
2023-08-19 18:54:24,Bailey,147,www.myschool.com,4m
2023-08-19 13:35:12,Mikayla,246,www.myschool.com,86m
2023-08-19 07:59:20,Matthew,273,www.myschool.com,116m
2023-08-19 05:47:14,Delaney,360,www.myschool.com,47m
2023-08-19 05:41:51,Hayden,123,www.myschool.com,89m
2023-08-19 01:02:32,Joseph,255,www.myschool.com,27m
2023-08-18 23:12:04,Diana,300,www.myschool.com,101m
2023-08-18 13:42:35,Edgar,98,www.myschool.com,52m
2023-08-18 09:03:12,Hailey,116,www.myschool.com,116m
2023-08-18 08:10:08,Makayla,355,www.myschool.com,92m
2023-08-17 22:29:19,Zoey,235,www.myschool.com,92m
2023-08-17 16:04:27,Juliana,29,www.myschool.com,19m
2023-08-17 04:47:12,Kaylee,196,www.myschool.com,38m
2023-08-17 04:38:08,Charlotte,77,www.myschool.com,78m
2023-08-16 06:40:05,Rachel,11,www.myschool.com,68m
2023-08-15 17:24:53,Charlotte,77,www.myschool.com,89m
2023-08-15 16:22:48,Lillian,173,www.myschool.com,21m
2023-08-15 10:34:02,Luke,45,www.myschool.com,94m
2023-08-15 00:58:31,Skylar,302,www.myschool.com,101m
2023-08-14 13:01:49,Audrey,61,www.myschool.com,52m
2023-08-14 12:17:06,Vanessa,25,www.myschool.com,51m
2023-08-14 10:56:29,Devon,267,www.myschool.com,82m
2023-08-14 07:59:26,Amanda,86,www.myschool.com,0m
2023-08-14 03:13:18,Nathan,279,www.myschool.com,67m
2023-08-14 01:23:47,Riley,347,www.myschool.com,106m
2023-08-13 22:03:27,Diana,300,www.myschool.com,120m
2023-08-13 20:16:43,Isabel,218,www.myschool.com,52m
2023-08-13 19:15:38,Sarah,128,www.myschool.com,73m
2023-08-13 11:17:42,Sophie,113,www.myschool.com,111m
2023-08-13 06:56:08,Autumn,31,www.myschool.com,37m
2023-08-13 05:34:36,Erick,102,www.myschool.com,25m
2023-08-13 05:08:32,Max,271,www.myschool.com,109m
2023-08-13 02:20:25,Joshua,371,www.myschool.com,14m
2023-08-13 01:08:35,Adrian,107,www.myschool.com,103m
2023-08-12 08:02:57,Jacob,145,www.myschool.com,76m
2023-08-11 21:07:08,Sophie,113,www.myschool.com,1m
2023-08-11 11:43:36,Kelly,78,www.myschool.com,105m
2023-08-10 19:45:48,Trinity,87,www.myschool.com,110m
2023-08-10 11:22:47,Cole,317,www.myschool.com,25m
2023-08-10 05:50:15,Valeria,189,www.myschool.com,81m
2023-08-09 22:51:02,Kenneth,209,www.myschool.com,118m
2023-08-09 16:26:09,Jayden,299,www.myschool.com,5m
2023-08-09 16:15:10,Spencer,286,www.myschool.com,84m
2023-08-09 09:44:51,Brooke,318,www.myschool.com,1m
2023-08-09 09:38:41,Leslie,4,www.myschool.com,82m
2023-08-09 08:28:38,Audrey,61,www.myschool.com,0m
2023-08-09 04:28:40,Audrey,61,www.myschool.com,12m
2023-08-09 03:42:22,Lillian,173,www.myschool.com,77m
2023-08-08 23:40:24,Zachary,321,www.myschool.com,53m
2023-08-08 11:16:03,Jared,399,www.myschool.com,4m
2023-08-07 23:41:38,Sean,30,www.myschool.com,65m
2023-08-07 23:19:24,Olivia,245,www.myschool.com,92m
2023-08-07 20:52:29,Tanner,221,www.myschool.com,66m
2023-08-07 07:08:25,Sophia,84,www.myschool.com,77m
2023-08-07 03:01:58,Jenna,24,www.myschool.com,64m
2023-08-06 21:07:23,Trenton,153,www.myschool.com,32m
2023-08-05 23:36:07,Jeremiah,257,www.myschool.com,4m
2023-08-05 21:31:15,Angel,33,www.myschool.com,6m
2023-08-05 20:51:19,Oliver,47,www.myschool.com,84m
2023-08-05 19:55:42,Maria,352,www.myschool.com,6m
2023-08-04 17:32:22,Madison,51,www.myschool.com,96m
2023-08-03 11:53:20,Brady,331,www.myschool.com,61m
2023-08-03 11:25:33,Victoria,325,www.myschool.com,95m
2023-08-03 07:24:37,Sierra,183,www.myschool.com,82m
2023-08-02 10:24:32,Natalie,288,www.myschool.com,10m
2023-08-02 08:40:37,Carson,171,www.myschool.com,20m
2023-08-02 01:31:49,Isabella,125,www.myschool.com,66m
2023-08-02 01:14:02,Andrea,198,www.myschool.com,20m
2023-08-01 19:26:18,Leonardo,270,www.myschool.com,45m
2023-08-01 11:15:48,Caitlin,304,www.myschool.com,81m
2023-08-01 09:10:42,Jasmine,370,www.myschool.com,14m
2023-08-01 05:20:03,Gracie,258,www.myschool.com,93m
2023-08-01 02:28:32,Cristian,59,www.myschool.com,92m
2023-07-31 23:10:07,Naomi,378,www.myschool.com,72m
2023-07-31 20:46:42,Alex,72,www.myschool.com,2m
2023-07-31 05:37:24,Steven,85,www.myschool.com,13m
2023-07-31 03:51:53,Victor,201,www.myschool.com,1m
2023-07-31 01:43:04,Amelia,106,www.myschool.com,45m
2023-07-30 14:47:15,Landon,365,www.myschool.com,52m
2023-07-30 13:20:01,Hope,340,www.myschool.com,66m
2023-07-30 04:32:24,Crystal,207,www.myschool.com,12m
2023-07-29 12:45:26,Bradley,373,www.myschool.com,1m
2023-07-29 00:09:12,Samantha,344,www.myschool.com,16m
2023-07-28 20:36:16,Eli,309,www.myschool.com,87m
2023-07-28 14:27:00,Blake,339,www.myschool.com,107m
2023-07-28 08:33:29,Javier,222,www.myschool.com,108m
2023-07-28 05:57:59,Leslie,4,www.myschool.com,17m
2023-07-28 03:03:52,Miranda,195,www.myschool.com,70m
2023-07-28 01:18:36,Delaney,360,www.myschool.com,12m
2023-07-28 01:08:16,Andrea,198,www.myschool.com,93m
2023-07-27 22:55:27,Hunter,150,www.myschool.com,22m
2023-07-27 20:14:08,Trinity,87,www.myschool.com,89m
2023-07-27 15:02:31,Briana,74,www.myschool.com,10m
2023-07-27 12:32:22,Luke,45,www.myschool.com,61m
2023-07-27 10:16:45,Kaitlyn,369,www.myschool.com,2m
2023-07-27 03:23:30,Nathaniel,93,www.myschool.com,23m
2023-07-26 13:43:31,Ella,306,www.myschool.com,39m
2023-07-25 20:14:22,Abraham,57,www.myschool.com,95m
2023-07-25 17:04:49,Braden,152,www.myschool.com,29m
2023-07-25 09:19:03,Kaleb,236,www.myschool.com,110m
2023-07-25 08:23:30,Naomi,378,www.myschool.com,86m
2023-07-24 23:16:07,Autumn,31,www.myschool.com,109m
2023-07-23 16:51:19,Alondra,96,www.myschool.com,36m
2023-07-23 13:23:51,Malachi,320,www.myschool.com,2m
2023-07-23 13:23:26,Dakota,82,www.myschool.com,99m
2023-07-23 08:31:55,Brittany,188,www.myschool.com,41m
2023-07-23 03:56:48,Cassandra,182,www.myschool.com,73m
2023-07-22 23:41:10,Cole,317,www.myschool.com,18m
2023-07-22 20:55:36,Sophia,84,www.myschool.com,15m
2023-07-22 06:27:35,Elizabeth,184,www.myschool.com,52m
2023-07-22 00:49:40,Bailey,147,www.myschool.com,13m
2023-07-21 22:49:08,Nicholas,307,www.myschool.com,54m
2023-07-21 09:40:01,James,164,www.myschool.com,31m
2023-07-21 07:38:32,Jeremiah,257,www.myschool.com,56m
2023-07-20 17:14:21,Justin,204,www.myschool.com,64m
2023-07-19 04:44:45,Braden,152,www.myschool.com,14m
2023-07-19 04:34:52,Megan,210,www.myschool.com,2m
2023-07-19 00:16:54,Summer,241,www.myschool.com,108m
2023-07-19 00:12:23,Zachary,321,www.myschool.com,89m
2023-07-18 23:26:33,Amy,70,www.myschool.com,91m
2023-07-18 15:37:40,Giselle,122,www.myschool.com,47m
2023-07-18 14:04:06,Evelyn,180,www.myschool.com,30m
2023-07-18 06:15:35,Jorge,390,www.myschool.com,66m
2023-07-18 03:01:17,Anna,326,www.myschool.com,0m
2023-07-17 12:59:35,Peyton,75,www.myschool.com,114m
2023-07-17 11:06:21,Angel,211,www.myschool.com,27m
2023-07-17 10:12:29,Nathaniel,93,www.myschool.com,83m
2023-07-16 21:56:05,Wyatt,139,www.myschool.com,89m
2023-07-16 21:44:34,Brendan,392,www.myschool.com,64m
2023-07-16 21:16:03,Sofia,156,www.myschool.com,40m
2023-07-16 06:16:09,Damian,34,www.myschool.com,52m
2023-07-16 05:25:57,Jordan,281,www.myschool.com,30m
2023-07-15 20:59:37,Aaron,169,www.myschool.com,117m
2023-07-15 18:30:39,Kimberly,92,www.myschool.com,63m
2023-07-15 06:43:46,Alan,104,www.myschool.com,57m
2023-07-15 06:05:45,Devin,38,www.myschool.com,120m
2023-07-15 04:54:05,Jordan,281,www.myschool.com,91m
2023-07-15 01:33:08,Dakota,82,www.myschool.com,47m
2023-07-15 00:20:43,Amanda,86,www.myschool.com,87m
2023-07-14 18:02:06,Lauren,76,www.myschool.com,65m
2023-07-14 03:35:12,Molly,269,www.myschool.com,119m
2023-07-13 23:08:44,Henry,43,www.myschool.com,100m
2023-07-13 19:49:31,Sean,30,www.myschool.com,72m
2023-07-13 16:48:18,Adrian,107,www.myschool.com,43m
2023-07-13 16:11:49,Erica,231,www.myschool.com,112m
2023-07-13 15:51:24,Leah,301,www.myschool.com,24m
2023-07-13 15:06:35,Joshua,371,www.myschool.com,16m
2023-07-13 14:41:35,Ava,376,www.myschool.com,37m
2023-07-13 08:44:47,Carson,171,www.myschool.com,77m
2023-07-13 07:19:50,Antonio,121,www.myschool.com,116m
2023-07-13 06:45:36,Katherine,272,www.myschool.com,37m
2023-07-13 05:25:04,Cole,317,www.myschool.com,29m
2023-07-12 23:45:27,Gregory,382,www.myschool.com,104m
2023-07-12 15:40:46,Liliana,283,www.myschool.com,100m
2023-07-12 10:10:14,Shelby,130,www.myschool.com,118m
2023-07-12 09:51:04,Abby,260,www.myschool.com,17m
2023-07-11 18:28:52,Devin,38,www.myschool.com,53m
2023-07-11 15:19:51,Mya,168,www.myschool.com,21m
2023-07-10 14:03:19,Diana,300,www.myschool.com,23m
2023-07-10 11:11:51,Adrian,107,www.myschool.com,25m
2023-07-10 10:21:44,Addison,158,www.myschool.com,40m
2023-07-10 07:40:27,Marcus,292,www.myschool.com,116m
2023-07-10 05:32:17,Carson,171,www.myschool.com,58m
2023-07-09 14:58:30,Michael,109,www.myschool.com,37m
2023-07-09 09:14:00,Danielle,396,www.myschool.com,65m
2023-07-08 15:00:52,Isaiah,69,www.myschool.com,104m
2023-07-08 11:29:37,Omar,191,www.myschool.com,84m
2023-07-08 11:14:54,Andrew,177,www.myschool.com,56m
2023-07-08 05:29:01,Joseph,255,www.myschool.com,104m
2023-07-07 22:49:13,Angelina,114,www.myschool.com,119m
2023-07-07 09:05:41,Aaliyah,21,www.myschool.com,116m
2023-07-07 02:33:54,Haley,216,www.myschool.com,28m
2023-07-07 01:15:27,Victor,201,www.myschool.com,68m
2023-07-06 01:32:06,Isaac,181,www.myschool.com,19m
2023-07-05 21:39:51,Diego,49,www.myschool.com,29m
2023-07-05 17:11:19,Gianna,274,www.myschool.com,56m
2023-07-05 10:59:50,Caitlin,304,www.myschool.com,108m
2023-07-05 05:52:01,Gabrielle,58,www.myschool.com,75m
2023-07-05 03:59:52,Natalia,206,www.myschool.com,65m
2023-07-04 17:38:56,Mario,375,www.myschool.com,67m
2023-07-04 17:00:12,Claire,337,www.myschool.com,9m
2023-07-04 15:48:30,Samuel,179,www.myschool.com,19m
2023-07-03 17:26:14,Samuel,179,www.myschool.com,100m
2023-07-03 12:42:23,Giselle,122,www.myschool.com,64m
2023-07-03 03:11:46,Eva,388,www.myschool.com,109m
2023-07-02 16:20:20,Alondra,96,www.myschool.com,68m
2023-07-02 15:41:28,Josiah,80,www.myschool.com,99m
2023-07-02 08:30:00,Jackson,223,www.myschool.com,88m
2023-07-02 03:48:45,Marissa,393,www.myschool.com,22m
2023-07-02 01:56:47,Martin,62,www.myschool.com,100m
2023-07-01 22:40:18,Zachary,321,www.myschool.com,66m
2023-07-01 19:10:31,Lucas,205,www.myschool.com,56m
2023-07-01 07:51:37,Cody,42,www.myschool.com,25m
2023-07-01 00:37:00,Caroline,354,www.myschool.com,77m
2023-06-30 23:09:19,Gianna,274,www.myschool.com,92m
2023-06-30 06:06:32,Benjamin,298,www.myschool.com,9m
2023-06-30 03:11:27,Chelsea,252,www.myschool.com,85m
2023-06-29 20:23:11,Rachel,11,www.myschool.com,10m
2023-06-29 19:43:18,Sergio,117,www.myschool.com,79m
2023-06-29 16:34:10,Gabrielle,58,www.myschool.com,45m
2023-06-29 13:44:36,Taylor,363,www.myschool.com,17m
2023-06-29 09:36:54,Olivia,245,www.myschool.com,79m
2023-06-29 02:57:47,Raymond,208,www.myschool.com,76m
2023-06-29 01:37:25,Lindsey,94,www.myschool.com,33m
2023-06-28 07:31:24,Jordan,281,www.myschool.com,0m
2023-06-28 05:47:42,Daniel,17,www.myschool.com,47m
2023-06-27 23:39:41,Vincent,253,www.myschool.com,73m
2023-06-27 18:30:55,David,115,www.myschool.com,78m
2023-06-27 03:59:31,Kaleb,236,www.myschool.com,93m
2023-06-26 22:28:15,Mary,73,www.myschool.com,119m
2023-06-26 15:53:08,Shelby,130,www.myschool.com,77m
2023-06-26 14:01:58,Bailey,147,www.myschool.com,119m
2023-06-26 13:30:53,Christopher,148,www.myschool.com,1m
2023-06-26 05:23:32,Cristian,59,www.myschool.com,33m
2023-06-25 22:27:54,Ayden,287,www.myschool.com,70m
2023-06-25 13:50:59,Alexandra,202,www.myschool.com,54m
2023-06-25 02:47:11,Ian,319,www.myschool.com,95m
2023-06-24 23:00:03,Andrea,198,www.myschool.com,0m
2023-06-24 22:01:29,Dalton,36,www.myschool.com,46m
2023-06-24 15:20:55,Dalton,36,www.myschool.com,96m
2023-06-24 04:49:57,Kelsey,162,www.myschool.com,107m
2023-06-23 16:36:33,Jeremiah,257,www.myschool.com,105m
2023-06-23 15:04:07,Diego,49,www.myschool.com,44m
2023-06-23 11:39:14,Jeremy,105,www.myschool.com,72m
2023-06-23 07:36:37,Melanie,391,www.myschool.com,3m
2023-06-23 06:34:03,Layla,227,www.myschool.com,88m
2023-06-23 00:18:51,Ashlyn,381,www.myschool.com,95m
2023-06-22 07:51:18,Erin,194,www.myschool.com,114m
2023-06-21 12:30:14,Ruby,60,www.myschool.com,110m
2023-06-21 04:34:27,Michael,109,www.myschool.com,56m
2023-06-20 22:08:30,Kylee,362,www.myschool.com,13m
2023-06-20 18:38:05,Colby,264,www.myschool.com,38m
2023-06-20 17:50:17,Lydia,118,www.myschool.com,59m
2023-06-20 08:13:37,Noah,234,www.myschool.com,115m
2023-06-20 02:05:49,Mark,16,www.myschool.com,31m
2023-06-19 23:27:42,Bryce,232,www.myschool.com,55m
2023-06-19 17:27:00,Valerie,143,www.myschool.com,104m
2023-06-19 06:59:27,Briana,74,www.myschool.com,3m
2023-06-19 05:24:04,Michelle,14,www.myschool.com,45m
2023-06-18 21:16:09,Parker,133,www.myschool.com,73m
2023-06-18 19:06:56,Blake,339,www.myschool.com,100m
2023-06-18 15:54:46,Christina,178,www.myschool.com,104m
2023-06-18 15:14:32,Laura,228,www.myschool.com,81m
2023-06-18 13:57:23,Daniel,17,www.myschool.com,38m
2023-06-18 11:07:09,Mackenzie,315,www.myschool.com,102m
2023-06-17 19:53:42,Brady,331,www.myschool.com,34m
2023-06-17 12:20:41,Bailey,147,www.myschool.com,32m
2023-06-17 09:31:50,Mia,40,www.myschool.com,110m
2023-06-17 07:43:40,Colin,311,www.myschool.com,23m
2023-06-16 13:19:51,Angela,65,www.myschool.com,49m
2023-06-14 22:09:34,Courtney,149,www.myschool.com,99m
2023-06-14 17:01:50,Lucy,377,www.myschool.com,7m
2023-06-14 04:40:44,Mark,16,www.myschool.com,116m
2023-06-13 13:49:50,Sabrina,197,www.myschool.com,58m
2023-06-12 20:34:08,Ava,376,www.myschool.com,33m
2023-06-12 17:56:26,Melanie,391,www.myschool.com,8m
2023-06-12 17:43:38,Brooke,318,www.myschool.com,97m
2023-06-12 15:58:00,Joseph,255,www.myschool.com,41m
2023-06-12 13:00:38,Bradley,373,www.myschool.com,9m
2023-06-12 10:44:56,Jonathan,345,www.myschool.com,85m
2023-06-12 10:22:44,Katherine,272,www.myschool.com,22m
2023-06-11 22:48:27,Giselle,122,www.myschool.com,88m
2023-06-11 20:36:24,Arianna,108,www.myschool.com,34m
2023-06-11 11:31:56,Sierra,183,www.myschool.com,97m
2023-06-11 07:37:14,Erin,194,www.myschool.com,39m
2023-06-10 21:23:15,Leslie,4,www.myschool.com,51m
2023-06-10 18:18:44,James,164,www.myschool.com,45m
2023-06-10 17:57:15,Logan,256,www.myschool.com,27m
2023-06-10 06:33:51,Peter,398,www.myschool.com,40m
2023-06-10 01:27:52,Benjamin,298,www.myschool.com,57m
2023-06-10 01:03:38,Micah,120,www.myschool.com,35m
2023-06-09 18:56:22,David,115,www.myschool.com,81m
2023-06-09 15:32:26,Sophia,84,www.myschool.com,21m
2023-06-09 14:10:01,Diego,49,www.myschool.com,22m
2023-06-08 22:03:41,Timothy,160,www.myschool.com,13m
2023-06-07 01:25:29,Brooke,318,www.myschool.com,83m
2023-06-06 14:24:32,Elijah,341,www.myschool.com,110m
2023-06-06 13:31:08,Patrick,324,www.myschool.com,28m
2023-06-06 10:15:39,Conner,229,www.myschool.com,43m
2023-06-06 02:27:40,Gregory,382,www.myschool.com,66m
2023-06-05 15:29:19,Nolan,379,www.myschool.com,9m
2023-06-05 15:01:21,Audrey,61,www.myschool.com,92m
2023-06-05 10:21:37,Jack,199,www.myschool.com,82m
2023-06-04 22:03:15,Chelsea,252,www.myschool.com,50m
2023-06-04 12:01:56,Trenton,153,www.myschool.com,83m
2023-06-04 08:16:45,Jackson,223,www.myschool.com,95m
2023-06-04 07:03:11,Dominic,161,www.myschool.com,9m
2023-06-03 22:41:42,Wesley,296,www.myschool.com,59m
2023-06-03 15:42:11,Amelia,106,www.myschool.com,49m
2023-06-03 14:20:18,Chloe,26,www.myschool.com,76m
2023-06-03 08:13:56,Ariana,64,www.myschool.com,34m
2023-06-02 16:17:45,Alexa,308,www.myschool.com,27m
2023-06-02 15:53:37,Gage,329,www.myschool.com,22m
2023-06-02 12:32:59,Robert,136,www.myschool.com,50m
2023-06-02 05:07:19,Kelly,78,www.myschool.com,105m
2023-06-01 20:18:05,Eric,265,www.myschool.com,21m
2023-06-01 15:48:09,Miranda,195,www.myschool.com,2m
2023-06-01 03:53:27,Bryan,203,www.myschool.com,10m
2023-05-31 20:16:00,Giovanni,124,www.myschool.com,9m
2023-05-31 17:19:06,Cristian,59,www.myschool.com,19m
2023-05-31 16:22:00,Sophie,113,www.myschool.com,120m
2023-05-31 09:47:06,Carter,7,www.myschool.com,80m
2023-05-31 05:58:48,Derek,323,www.myschool.com,89m
2023-05-31 05:27:00,Oliver,47,www.myschool.com,17m
2023-05-30 23:36:06,Serenity,366,www.myschool.com,79m
2023-05-30 21:41:08,Trinity,87,www.myschool.com,96m
2023-05-30 19:59:10,Summer,241,www.myschool.com,81m
2023-05-30 15:25:40,Alexandria,230,www.myschool.com,32m
2023-05-30 08:19:12,Lucas,205,www.myschool.com,93m
2023-05-30 00:25:33,Charlotte,77,www.myschool.com,54m
2023-05-29 19:37:15,Giovanni,124,www.myschool.com,107m
2023-05-29 04:44:09,Brady,331,www.myschool.com,65m
2023-05-29 04:18:30,Devin,38,www.myschool.com,60m
2023-05-28 23:29:18,Gabriel,56,www.myschool.com,13m
2023-05-28 15:20:47,Dylan,237,www.myschool.com,51m
2023-05-28 14:50:18,Justin,204,www.myschool.com,62m
2023-05-28 06:47:07,Benjamin,298,www.myschool.com,12m
2023-05-28 06:31:51,Katie,1,www.myschool.com,45m
2023-05-28 00:13:40,Carlos,293,www.myschool.com,43m
2023-05-27 12:39:41,Cristian,59,www.myschool.com,27m
2023-05-27 09:27:14,Nathan,279,www.myschool.com,0m
2023-05-27 03:44:34,Karen,90,www.myschool.com,61m
2023-05-27 01:29:27,Brayden,44,www.myschool.com,89m
2023-05-27 00:29:12,Evelyn,180,www.myschool.com,69m
2023-05-26 21:57:52,Adriana,5,www.myschool.com,84m
2023-05-26 17:31:17,Diego,49,www.myschool.com,110m
2023-05-26 15:55:32,Aaliyah,21,www.myschool.com,114m
2023-05-26 09:01:57,Blake,339,www.myschool.com,12m
2023-05-26 05:51:13,Sofia,156,www.myschool.com,81m
2023-05-26 05:47:53,Gabrielle,58,www.myschool.com,59m
2023-05-26 01:22:12,Hunter,150,www.myschool.com,40m
2023-05-25 11:22:20,Zoe,135,www.myschool.com,31m
2023-05-25 08:23:52,Colby,264,www.myschool.com,76m
2023-05-25 05:39:20,Kelsey,162,www.myschool.com,30m
2023-05-24 14:03:02,Stephanie,141,www.myschool.com,107m
2023-05-24 11:54:13,Nicholas,307,www.myschool.com,111m
2023-05-23 20:05:49,Dakota,82,www.myschool.com,63m
2023-05-23 12:04:38,Chelsea,252,www.myschool.com,0m
2023-05-23 05:39:20,Andres,23,www.myschool.com,104m
2023-05-23 01:24:24,Lydia,118,www.myschool.com,71m
2023-05-22 17:31:49,Jeffrey,12,www.myschool.com,23m
2023-05-22 14:42:46,Leah,301,www.myschool.com,82m
2023-05-22 11:16:48,Christopher,148,www.myschool.com,36m
2023-05-22 05:52:57,Giovanni,124,www.myschool.com,92m
2023-05-22 04:02:31,Grace,132,www.myschool.com,100m
2023-05-21 18:36:13,Alejandro,349,www.myschool.com,33m
2023-05-21 14:33:55,Briana,74,www.myschool.com,61m
2023-05-21 12:32:23,Brianna,385,www.myschool.com,75m
2023-05-21 08:15:04,Wesley,296,www.myschool.com,29m
2023-05-21 07:59:29,Jordyn,289,www.myschool.com,24m
2023-05-21 05:58:49,Aiden,35,www.myschool.com,64m
2023-05-20 21:47:59,Aaron,169,www.myschool.com,42m
2023-05-20 15:50:39,Morgan,277,www.myschool.com,80m
2023-05-20 01:44:44,Bryce,232,www.myschool.com,70m
2023-05-19 14:18:31,Erik,163,www.myschool.com,24m
2023-05-19 00:19:45,Eric,265,www.myschool.com,75m
2023-05-19 00:14:40,Skylar,302,www.myschool.com,89m
2023-05-18 20:23:44,Nicholas,307,www.myschool.com,70m
2023-05-18 17:50:20,Christina,178,www.myschool.com,97m
2023-05-18 14:51:07,Aidan,8,www.myschool.com,61m
2023-05-18 05:33:03,Luke,45,www.myschool.com,100m
2023-05-17 11:40:16,Sebastian,154,www.myschool.com,1m
2023-05-17 00:34:22,Kelsey,162,www.myschool.com,98m
2023-05-16 20:21:42,Jacob,145,www.myschool.com,60m
2023-05-16 14:36:37,Vincent,253,www.myschool.com,75m
2023-05-16 09:45:38,Autumn,31,www.myschool.com,103m
2023-05-16 07:45:02,Oscar,351,www.myschool.com,57m
2023-05-16 07:15:39,Audrey,61,www.myschool.com,28m
2023-05-15 21:27:55,Lydia,118,www.myschool.com,92m
2023-05-15 15:48:33,Ivan,314,www.myschool.com,66m
2023-05-15 10:22:21,Jesse,186,www.myschool.com,53m
2023-05-15 08:59:07,Liam,112,www.myschool.com,85m
2023-05-14 22:17:29,Luke,45,www.myschool.com,5m
2023-05-14 18:52:15,Anna,326,www.myschool.com,83m
2023-05-14 13:09:49,Rylee,140,www.myschool.com,90m
2023-05-14 01:06:37,Victoria,325,www.myschool.com,54m
2023-05-13 19:20:40,Julia,97,www.myschool.com,47m
2023-05-13 10:08:59,Omar,191,www.myschool.com,89m
2023-05-12 18:54:02,Katie,1,www.myschool.com,89m
2023-05-12 15:31:00,Dylan,237,www.myschool.com,37m
2023-05-12 14:48:16,Jennifer,18,www.myschool.com,36m
2023-05-12 10:08:40,Aidan,8,www.myschool.com,66m
2023-05-12 09:35:51,Madelyn,334,www.myschool.com,76m
2023-05-11 23:25:06,Mario,375,www.myschool.com,15m
2023-05-11 15:08:21,Travis,278,www.myschool.com,10m
2023-05-11 10:36:38,Danielle,396,www.myschool.com,89m
2023-05-11 08:16:30,Levi,313,www.myschool.com,88m
2023-05-10 20:45:24,Autumn,31,www.myschool.com,33m
2023-05-10 20:40:25,Megan,210,www.myschool.com,7m
2023-05-10 18:04:41,Caroline,354,www.myschool.com,2m
2023-05-10 11:06:31,Peyton,75,www.myschool.com,16m
2023-05-10 05:13:39,Christina,178,www.myschool.com,2m
2023-05-10 02:43:34,Austin,213,www.myschool.com,103m
2023-05-10 01:57:00,Leslie,4,www.myschool.com,49m
2023-05-09 23:27:12,Jonah,157,www.myschool.com,97m
2023-05-09 18:29:21,Melanie,391,www.myschool.com,8m
2023-05-09 07:06:34,Giselle,122,www.myschool.com,22m
2023-05-08 19:07:10,Riley,347,www.myschool.com,86m
2023-05-08 18:44:33,Connor,224,www.myschool.com,117m
2023-05-08 09:14:28,Aiden,35,www.myschool.com,101m
2023-05-08 08:46:36,Katelyn,127,www.myschool.com,92m
2023-05-08 05:14:46,Brooke,318,www.myschool.com,105m
2023-05-08 03:53:01,Erick,102,www.myschool.com,2m
2023-05-07 13:50:07,Layla,227,www.myschool.com,27m
2023-05-07 08:04:56,Juliana,29,www.myschool.com,67m
2023-05-06 20:54:19,Alyssa,282,www.myschool.com,81m
2023-05-06 16:30:18,Connor,224,www.myschool.com,21m
2023-05-05 13:48:36,David,115,www.myschool.com,101m
2023-05-05 03:19:16,Ethan,101,www.myschool.com,35m
2023-05-04 18:53:33,Raymond,208,www.myschool.com,85m
2023-05-04 14:08:59,Isaiah,69,www.myschool.com,104m
2023-05-04 09:21:58,Samuel,179,www.myschool.com,83m
2023-05-03 07:23:14,Gabriela,88,www.myschool.com,20m
2023-05-03 07:17:20,Madelyn,334,www.myschool.com,32m
2023-05-03 00:57:58,Elias,303,www.myschool.com,101m
2023-05-02 22:06:02,Abigail,176,www.myschool.com,99m
2023-05-02 15:20:39,Luis,151,www.myschool.com,109m
2023-05-02 06:55:02,Noah,234,www.myschool.com,62m
2023-05-02 00:52:31,Christian,131,www.myschool.com,6m
2023-05-01 22:58:15,Shane,266,www.myschool.com,44m
2023-05-01 18:02:27,Owen,358,www.myschool.com,35m
2023-05-01 15:39:12,Ellie,15,www.myschool.com,87m
2023-05-01 14:17:19,Nathan,279,www.myschool.com,56m
2023-05-01 06:49:24,Liliana,283,www.myschool.com,94m
2023-05-01 03:03:25,Brayden,44,www.myschool.com,70m
2023-05-01 02:28:40,Caitlyn,111,www.myschool.com,51m
2023-05-01 02:07:26,Braden,152,www.myschool.com,118m
2023-04-30 12:36:39,Angelina,114,www.myschool.com,43m
2023-04-30 10:44:54,Kylie,243,www.myschool.com,75m
2023-04-30 10:14:24,Kylee,362,www.myschool.com,26m
2023-04-30 00:33:52,Sean,30,www.myschool.com,6m
2023-04-29 08:28:49,Natalia,206,www.myschool.com,25m
2023-04-29 06:59:15,Jocelyn,37,www.myschool.com,49m
2023-04-29 05:22:42,Summer,241,www.myschool.com,83m
2023-04-28 20:38:30,Xavier,262,www.myschool.com,38m
2023-04-28 11:00:32,Michael,109,www.myschool.com,50m
2023-04-28 09:36:48,Jordyn,289,www.myschool.com,23m
2023-04-28 08:38:10,Jayla,63,www.myschool.com,71m
2023-04-28 00:49:25,Ashley,155,www.myschool.com,34m
2023-04-27 11:27:44,Karen,90,www.myschool.com,107m
2023-04-27 09:36:12,Liliana,283,www.myschool.com,66m
2023-04-27 05:15:23,Maxwell,343,www.myschool.com,87m
2023-04-27 04:33:05,Evelyn,180,www.myschool.com,1m
2023-04-26 18:57:25,Trenton,153,www.myschool.com,35m
2023-04-26 05:28:56,Isaiah,69,www.myschool.com,17m
2023-04-26 04:41:10,Steven,85,www.myschool.com,42m
2023-04-26 00:35:55,Naomi,378,www.myschool.com,57m
2023-04-25 23:10:10,Jalen,254,www.myschool.com,105m
2023-04-25 16:12:29,Valerie,143,www.myschool.com,94m
2023-04-25 14:41:57,Daisy,316,www.myschool.com,41m
2023-04-25 14:26:53,Johnathan,295,www.myschool.com,15m
2023-04-25 13:42:51,Alexa,308,www.myschool.com,100m
2023-04-25 07:01:46,Leonardo,270,www.myschool.com,34m
2023-04-25 04:27:11,Joseph,255,www.myschool.com,114m
2023-04-25 01:11:30,Evan,46,www.myschool.com,53m
2023-04-25 00:13:46,Caitlyn,111,www.myschool.com,68m
2023-04-24 17:35:02,Julia,97,www.myschool.com,44m
2023-04-24 16:24:00,Aaliyah,21,www.myschool.com,96m
2023-04-24 13:15:05,Jesse,186,www.myschool.com,21m
2023-04-24 10:06:46,Colin,311,www.myschool.com,11m
2023-04-24 10:01:11,Colby,264,www.myschool.com,63m
2023-04-24 09:27:09,Peyton,310,www.myschool.com,94m
2023-04-22 23:40:00,Laura,228,www.myschool.com,18m
2023-04-22 22:35:55,Ethan,101,www.myschool.com,4m
2023-04-22 18:46:37,Carter,7,www.myschool.com,109m
2023-04-22 17:05:41,Katie,1,www.myschool.com,14m
2023-04-22 12:09:37,Peyton,75,www.myschool.com,102m
2023-04-22 09:03:24,Nevaeh,13,www.myschool.com,84m
2023-04-22 03:52:11,Mia,40,www.myschool.com,39m
2023-04-21 20:37:43,Alana,346,www.myschool.com,69m
2023-04-21 17:21:20,Caleb,275,www.myschool.com,112m
2023-04-21 13:37:25,Jordan,387,www.myschool.com,109m
2023-04-21 10:40:53,Aidan,8,www.myschool.com,98m
2023-04-21 05:16:35,Owen,358,www.myschool.com,41m
2023-04-20 23:06:44,Ellie,15,www.myschool.com,43m
2023-04-20 14:00:54,Jonathan,345,www.myschool.com,51m
2023-04-20 13:35:59,Isaiah,69,www.myschool.com,51m
2023-04-20 11:39:42,Alexandria,230,www.myschool.com,70m
2023-04-20 11:25:30,Rebecca,312,www.myschool.com,64m
2023-04-19 19:05:47,Diana,300,www.myschool.com,45m
2023-04-19 10:42:13,Lindsey,94,www.myschool.com,92m
2023-04-19 01:21:35,Jason,119,www.myschool.com,14m
2023-04-18 22:56:08,Edward,54,www.myschool.com,19m
2023-04-18 21:21:11,Brianna,385,www.myschool.com,24m
2023-04-18 18:53:40,Max,271,www.myschool.com,39m
2023-04-18 04:51:01,Sebastian,154,www.myschool.com,66m
2023-04-18 01:58:21,Andrea,198,www.myschool.com,73m
2023-04-18 01:13:08,Paul,386,www.myschool.com,94m
2023-04-17 16:02:47,Kiara,174,www.myschool.com,91m
2023-04-17 14:56:31,Mckenzie,170,www.myschool.com,113m
2023-04-16 22:19:05,Jake,217,www.myschool.com,109m
2023-04-16 11:54:47,Madeline,66,www.myschool.com,7m
2023-04-15 18:03:50,Jillian,268,www.myschool.com,107m
2023-04-15 14:20:24,Jose,144,www.myschool.com,16m
2023-04-15 14:17:35,Trevor,261,www.myschool.com,88m
2023-04-15 03:25:46,Brooklyn,215,www.myschool.com,74m
2023-04-15 02:07:51,Cristian,59,www.myschool.com,75m
2023-04-15 00:31:20,Jessica,138,www.myschool.com,74m
2023-04-14 18:10:46,Katie,1,www.myschool.com,18m
2023-04-14 11:56:37,Alexandra,202,www.myschool.com,65m
2023-04-14 00:33:05,Brandon,297,www.myschool.com,39m
2023-04-14 00:16:42,Luke,45,www.myschool.com,43m
2023-04-14 00:15:04,Rachel,11,www.myschool.com,11m
2023-04-13 14:56:57,Brody,81,www.myschool.com,113m
2023-04-13 12:30:57,Elizabeth,184,www.myschool.com,0m
2023-04-13 09:08:03,Nathan,279,www.myschool.com,49m
2023-04-13 08:28:57,Diego,49,www.myschool.com,55m
2023-04-13 05:49:09,James,164,www.myschool.com,38m
2023-04-13 00:06:35,Javier,222,www.myschool.com,118m
2023-04-12 19:53:52,Briana,74,www.myschool.com,9m
2023-04-12 14:55:48,Jake,217,www.myschool.com,61m
2023-04-12 07:01:50,Jordan,281,www.myschool.com,62m
2023-04-12 03:42:56,Alicia,83,www.myschool.com,31m
2023-04-12 03:33:36,Sebastian,154,www.myschool.com,46m
2023-04-11 19:50:17,Jared,399,www.myschool.com,94m
2023-04-11 18:45:06,Giovanni,124,www.myschool.com,2m
2023-04-11 02:47:42,Abby,260,www.myschool.com,3m
2023-04-11 01:05:37,Nevaeh,13,www.myschool.com,96m
2023-04-10 05:46:23,Cassidy,39,www.myschool.com,118m
2023-04-10 03:29:14,Antonio,121,www.myschool.com,88m
2023-04-10 02:05:36,Ava,376,www.myschool.com,90m
2023-04-09 21:09:01,Erik,163,www.myschool.com,112m
2023-04-09 10:37:42,Hector,361,www.myschool.com,43m
2023-04-09 10:18:57,Elias,303,www.myschool.com,71m
2023-04-08 21:29:21,Derek,323,www.myschool.com,70m
2023-04-08 16:29:57,Veronica,172,www.myschool.com,16m
2023-04-08 15:37:14,Jordan,387,www.myschool.com,26m
2023-04-07 21:16:34,Kelly,78,www.myschool.com,113m
2023-04-06 23:55:07,Conner,229,www.myschool.com,61m
2023-04-06 14:31:24,Emmanuel,335,www.myschool.com,98m
2023-04-05 23:55:38,Natalie,288,www.myschool.com,1m
2023-04-05 17:38:30,Daniel,17,www.myschool.com,21m
2023-04-04 23:19:18,David,115,www.myschool.com,17m
2023-04-04 16:36:48,Michelle,14,www.myschool.com,30m
2023-04-03 16:21:25,Fernando,238,www.myschool.com,54m
2023-04-03 14:36:42,Omar,191,www.myschool.com,7m
2023-04-03 11:05:41,Nicolas,110,www.myschool.com,112m
2023-04-03 10:16:14,Charlotte,77,www.myschool.com,50m
2023-04-02 22:07:34,Joshua,371,www.myschool.com,77m
2023-04-02 21:35:49,Chelsea,252,www.myschool.com,109m
2023-04-02 19:29:14,Peter,398,www.myschool.com,79m
2023-04-02 14:27:26,Ryan,200,www.myschool.com,22m
2023-04-02 12:16:27,Katelyn,127,www.myschool.com,64m
2023-04-02 03:11:30,Dalton,36,www.myschool.com,98m
2023-04-01 21:54:14,Sean,30,www.myschool.com,78m
2023-04-01 16:59:14,Gabriela,88,www.myschool.com,51m
2023-04-01 13:38:48,Zachary,321,www.myschool.com,71m
2023-04-01 11:30:36,Micah,120,www.myschool.com,97m
2023-04-01 09:49:45,Hayden,123,www.myschool.com,101m
2023-04-01 07:41:11,Matthew,273,www.myschool.com,5m
2023-04-01 05:18:55,Isabel,218,www.myschool.com,104m
2023-04-01 02:17:13,Gabrielle,58,www.myschool.com,25m
2023-03-31 23:31:23,Alex,72,www.myschool.com,99m
2023-03-31 23:16:59,Nathaniel,93,www.myschool.com,17m
2023-03-31 20:05:49,Megan,210,www.myschool.com,13m
2023-03-31 14:35:43,Carson,171,www.myschool.com,50m
2023-03-31 07:40:41,Ellie,15,www.myschool.com,85m
2023-03-30 19:28:36,Elijah,341,www.myschool.com,70m
2023-03-30 18:26:51,Camila,99,www.myschool.com,116m
2023-03-30 18:15:24,Trinity,87,www.myschool.com,59m
2023-03-30 10:45:16,Brianna,385,www.myschool.com,36m
2023-03-30 08:20:55,Laura,228,www.myschool.com,28m
2023-03-30 01:13:41,Diana,300,www.myschool.com,48m
2023-03-29 20:18:08,Sophia,84,www.myschool.com,49m
2023-03-29 15:09:14,Erik,163,www.myschool.com,47m
2023-03-29 04:13:01,Angelica,2,www.myschool.com,85m
2023-03-27 20:41:00,Vanessa,25,www.myschool.com,20m
2023-03-27 14:22:51,Shawn,291,www.myschool.com,87m
2023-03-27 13:24:11,Dominic,161,www.myschool.com,46m
2023-03-27 05:42:00,Vanessa,25,www.myschool.com,57m
2023-03-27 04:43:19,Diana,300,www.myschool.com,0m
2023-03-27 03:27:12,Alejandro,349,www.myschool.com,100m
2023-03-26 20:30:52,Natalia,206,www.myschool.com,79m
2023-03-26 20:17:37,Karen,90,www.myschool.com,51m
2023-03-26 17:57:36,Isabel,218,www.myschool.com,115m
2023-03-26 17:44:04,Taylor,363,www.myschool.com,100m
2023-03-26 10:17:35,Jayla,63,www.myschool.com,70m
2023-03-25 07:00:16,Alexandra,202,www.myschool.com,88m
2023-03-25 06:38:09,Jonah,157,www.myschool.com,72m
2023-03-25 01:32:15,Edward,54,www.myschool.com,27m
2023-03-24 04:00:50,Natalia,206,www.myschool.com,52m
2023-03-23 18:25:43,Dominic,161,www.myschool.com,108m
2023-03-23 10:43:21,Blake,339,www.myschool.com,65m
2023-03-23 06:28:15,Jalen,254,www.myschool.com,76m
2023-03-22 02:38:18,Micah,120,www.myschool.com,39m
2023-03-21 11:27:04,Ella,306,www.myschool.com,32m
2023-03-21 07:15:03,Parker,133,www.myschool.com,30m
2023-03-21 06:55:12,Jason,119,www.myschool.com,65m
2023-03-20 18:52:13,Kyle,68,www.myschool.com,63m
2023-03-20 17:00:37,Malachi,320,www.myschool.com,82m
2023-03-20 15:59:36,Shelby,130,www.myschool.com,79m
2023-03-20 06:00:11,Jack,199,www.myschool.com,91m
2023-03-20 00:37:28,Spencer,286,www.myschool.com,36m
2023-03-19 20:01:53,Nicole,251,www.myschool.com,21m
2023-03-19 17:47:44,Marissa,393,www.myschool.com,27m
2023-03-19 06:45:37,Katie,1,www.myschool.com,55m
2023-03-18 16:57:04,Angel,211,www.myschool.com,69m
2023-03-18 04:55:35,Zoe,135,www.myschool.com,69m
2023-03-18 01:45:40,Caleb,275,www.myschool.com,75m
2023-03-17 21:18:16,Hope,340,www.myschool.com,7m
2023-03-17 18:57:44,Charlotte,77,www.myschool.com,59m
2023-03-17 07:11:27,Owen,358,www.myschool.com,101m
2023-03-17 04:32:10,Alondra,96,www.myschool.com,70m
2023-03-17 00:41:22,Dominic,161,www.myschool.com,21m
2023-03-16 00:42:30,Jenna,24,www.myschool.com,24m
2023-03-15 20:26:31,Dominic,161,www.myschool.com,96m
2023-03-15 14:00:53,Brooke,318,www.myschool.com,22m
2023-03-15 05:52:59,Jillian,268,www.myschool.com,30m
2023-03-15 05:41:25,Alexia,383,www.myschool.com,46m
2023-03-15 02:09:32,Cameron,193,www.myschool.com,108m
2023-03-14 23:46:12,Jared,399,www.myschool.com,76m
2023-03-14 04:15:14,Miguel,19,www.myschool.com,78m
2023-03-14 01:53:07,Noah,234,www.myschool.com,31m
2023-03-13 02:44:49,Haley,216,www.myschool.com,85m
2023-03-13 02:14:18,Carlos,293,www.myschool.com,76m
2023-03-12 22:51:14,Eric,265,www.myschool.com,88m
2023-03-12 00:06:18,Angela,65,www.myschool.com,77m
2023-03-11 19:03:04,Caitlin,304,www.myschool.com,33m
2023-03-11 14:35:26,Riley,103,www.myschool.com,84m
2023-03-11 01:07:29,Cole,317,www.myschool.com,93m
2023-03-10 10:11:42,Kathryn,367,www.myschool.com,74m
2023-03-10 01:40:35,Luke,45,www.myschool.com,103m
2023-03-09 23:31:53,Evelyn,180,www.myschool.com,47m
2023-03-09 22:49:33,Kaylee,196,www.myschool.com,97m
2023-03-09 14:56:03,Madison,51,www.myschool.com,50m
2023-03-09 07:12:57,Alicia,83,www.myschool.com,51m
2023-03-08 22:43:36,Liliana,283,www.myschool.com,48m
2023-03-08 12:45:23,Alondra,96,www.myschool.com,92m
2023-03-08 12:30:01,Braden,152,www.myschool.com,17m
2023-03-08 01:46:16,Michelle,14,www.myschool.com,7m
2023-03-07 23:07:24,Robert,136,www.myschool.com,28m
2023-03-07 15:52:05,Adriana,5,www.myschool.com,109m
2023-03-07 14:39:20,Natalia,206,www.myschool.com,109m
2023-03-07 13:46:58,Jordyn,289,www.myschool.com,54m
2023-03-07 00:41:30,Elias,303,www.myschool.com,84m
2023-03-06 22:58:55,Victor,201,www.myschool.com,105m
2023-03-06 21:48:26,Alan,104,www.myschool.com,12m
2023-03-06 17:23:26,Stephen,239,www.myschool.com,63m
2023-03-06 13:39:45,Margaret,220,www.myschool.com,70m
2023-03-06 13:38:08,Evelyn,180,www.myschool.com,28m
2023-03-06 09:48:24,Andres,23,www.myschool.com,83m
2023-03-06 08:22:48,Julia,97,www.myschool.com,6m
2023-03-05 18:43:57,Jennifer,18,www.myschool.com,20m
2023-03-05 18:41:20,Aaron,169,www.myschool.com,12m
2023-03-05 14:42:56,Tristan,28,www.myschool.com,96m
2023-03-05 07:21:08,Levi,313,www.myschool.com,72m
2023-03-04 16:52:18,Karina,159,www.myschool.com,109m
2023-03-04 16:03:42,Elizabeth,184,www.myschool.com,81m
2023-03-04 07:21:04,Derek,323,www.myschool.com,44m
2023-03-03 14:10:23,Veronica,172,www.myschool.com,91m
2023-03-03 02:26:25,Landon,365,www.myschool.com,84m
2023-03-02 02:59:26,Ariana,64,www.myschool.com,109m
2023-03-02 00:29:44,Samantha,344,www.myschool.com,46m
2023-03-01 17:06:11,Cesar,332,www.myschool.com,42m
2023-03-01 14:03:56,Gracie,258,www.myschool.com,95m
2023-03-01 07:54:50,Alexis,53,www.myschool.com,83m
2023-03-01 04:21:15,Malachi,320,www.myschool.com,110m
2023-03-01 01:34:35,Timothy,160,www.myschool.com,86m
2023-02-28 22:21:42,Katie,1,www.myschool.com,97m
2023-02-28 11:52:18,Faith,338,www.myschool.com,52m
2023-02-28 10:04:29,Jackson,223,www.myschool.com,49m
2023-02-28 00:08:06,Nathan,279,www.myschool.com,61m
2023-02-27 21:37:31,Gabriela,88,www.myschool.com,92m
2023-02-27 17:40:35,Lauren,76,www.myschool.com,6m
2023-02-27 14:40:24,Emma,41,www.myschool.com,0m
2023-02-27 13:24:10,Carlos,293,www.myschool.com,7m
2023-02-27 00:11:08,Melanie,391,www.myschool.com,36m
2023-02-26 23:56:57,Mariah,89,www.myschool.com,96m
2023-02-26 10:33:45,Chloe,26,www.myschool.com,111m
2023-02-26 07:22:32,Elizabeth,184,www.myschool.com,53m
2023-02-25 20:48:59,Ariana,64,www.myschool.com,84m
2023-02-25 16:05:44,Trenton,153,www.myschool.com,13m
2023-02-25 10:00:06,Madeline,66,www.myschool.com,94m
2023-02-25 00:14:21,Sophie,113,www.myschool.com,64m
2023-02-24 17:12:28,Dalton,36,www.myschool.com,75m
2023-02-24 11:10:28,Emma,41,www.myschool.com,17m
2023-02-24 11:05:53,Sophia,84,www.myschool.com,15m
2023-02-24 09:19:36,Alexandria,230,www.myschool.com,24m
2023-02-24 07:11:37,Aaliyah,21,www.myschool.com,18m
2023-02-24 04:00:45,Miranda,195,www.myschool.com,21m
2023-02-24 03:22:50,Alexandra,202,www.myschool.com,102m
2023-02-23 21:47:48,Ian,319,www.myschool.com,91m
2023-02-23 13:22:19,Delaney,360,www.myschool.com,98m
2023-02-23 11:28:30,Kelly,78,www.myschool.com,41m
2023-02-23 08:48:09,Gavin,380,www.myschool.com,81m
2023-02-23 01:45:14,Hailey,116,www.myschool.com,79m
2023-02-23 00:25:38,Ana,395,www.myschool.com,4m
2023-02-22 22:12:59,Elizabeth,184,www.myschool.com,118m
2023-02-22 13:28:39,Ethan,101,www.myschool.com,83m
2023-02-22 10:59:32,Eva,388,www.myschool.com,96m
2023-02-22 05:49:02,Mckenzie,170,www.myschool.com,76m
2023-02-21 17:12:08,Oscar,351,www.myschool.com,89m
2023-02-21 10:58:35,Micah,120,www.myschool.com,68m
2023-02-21 06:16:12,Amanda,86,www.myschool.com,91m
2023-02-21 03:58:46,Emma,41,www.myschool.com,93m
2023-02-20 16:55:59,Conner,229,www.myschool.com,13m
2023-02-20 16:53:15,Jessica,138,www.myschool.com,107m
2023-02-20 16:13:22,Caitlin,304,www.myschool.com,89m
2023-02-20 16:08:23,Luis,151,www.myschool.com,105m
2023-02-20 11:51:42,Carson,171,www.myschool.com,9m
2023-02-19 21:20:23,Kyle,68,www.myschool.com,96m
2023-02-19 05:52:17,Brendan,392,www.myschool.com,93m
2023-02-18 18:57:41,Kathryn,367,www.myschool.com,50m
2023-02-18 17:19:53,Kennedy,71,www.myschool.com,2m
2023-02-18 16:47:07,Oscar,351,www.myschool.com,47m
2023-02-18 16:44:43,Alexander,214,www.myschool.com,29m
2023-02-18 10:16:33,Evan,46,www.myschool.com,98m
2023-02-17 15:23:08,Jalen,254,www.myschool.com,8m
2023-02-17 11:50:13,Reagan,27,www.myschool.com,48m
2023-02-16 16:26:25,Bailey,147,www.myschool.com,111m
2023-02-16 11:49:30,Mckenzie,170,www.myschool.com,56m
2023-02-16 10:28:20,Austin,213,www.myschool.com,81m
2023-02-15 06:58:15,Caroline,354,www.myschool.com,28m
2023-02-15 06:27:08,Angel,211,www.myschool.com,46m
2023-02-15 05:57:25,Elias,303,www.myschool.com,108m
2023-02-15 05:17:48,Bianca,285,www.myschool.com,80m
2023-02-14 19:38:22,Manuel,350,www.myschool.com,8m
2023-02-14 18:19:00,Megan,210,www.myschool.com,0m
2023-02-14 16:55:35,Bryan,203,www.myschool.com,86m
2023-02-12 15:06:13,Devon,267,www.myschool.com,52m
2023-02-12 07:02:59,Emily,100,www.myschool.com,7m
2023-02-12 03:40:55,Owen,358,www.myschool.com,41m
2023-02-12 02:12:44,Caden,225,www.myschool.com,70m
2023-02-11 18:50:34,Stephen,239,www.myschool.com,29m
2023-02-11 11:48:15,Lauren,76,www.myschool.com,9m
2023-02-11 11:17:37,Kimberly,92,www.myschool.com,23m
2023-02-11 09:10:24,Sergio,117,www.myschool.com,31m
2023-02-11 08:20:08,Diego,49,www.myschool.com,12m
2023-02-11 01:32:21,Claire,337,www.myschool.com,0m
2023-02-10 23:49:59,Cassidy,39,www.myschool.com,25m
2023-02-09 20:42:44,Briana,74,www.myschool.com,84m
2023-02-09 20:06:10,Richard,259,www.myschool.com,24m
2023-02-09 15:28:12,Zachary,321,www.myschool.com,46m
2023-02-09 13:47:37,Kathryn,367,www.myschool.com,15m
2023-02-09 06:30:11,Luis,151,www.myschool.com,10m
2023-02-08 19:38:44,Cassidy,39,www.myschool.com,32m
2023-02-08 18:32:38,Isaac,181,www.myschool.com,79m
2023-02-08 08:02:12,Isabella,125,www.myschool.com,38m
2023-02-08 00:21:19,Liliana,283,www.myschool.com,79m
2023-02-07 21:33:51,Juliana,29,www.myschool.com,11m
2023-02-07 21:03:40,Lauren,76,www.myschool.com,87m
2023-02-07 20:00:55,Caleb,275,www.myschool.com,55m
2023-02-07 14:29:27,Olivia,245,www.myschool.com,45m
2023-02-07 11:17:12,Alejandro,349,www.myschool.com,21m
2023-02-07 09:08:18,Jackson,223,www.myschool.com,83m
2023-02-06 19:17:35,Mario,375,www.myschool.com,19m
2023-02-06 18:59:31,Mckenzie,170,www.myschool.com,31m
2023-02-06 12:24:28,Jacob,145,www.myschool.com,50m
2023-02-06 10:18:19,Owen,358,www.myschool.com,10m
2023-02-06 10:02:47,Makenzie,356,www.myschool.com,0m
2023-02-05 23:23:28,Lindsey,94,www.myschool.com,34m
2023-02-05 19:12:26,Destiny,190,www.myschool.com,113m
2023-02-05 19:09:15,Kenneth,209,www.myschool.com,23m
2023-02-05 05:56:45,Olivia,245,www.myschool.com,34m
2023-02-05 04:02:32,Leah,301,www.myschool.com,23m
2023-02-04 16:26:58,Garrett,357,www.myschool.com,102m
2023-02-04 11:58:27,Veronica,172,www.myschool.com,22m
2023-02-04 07:03:01,Jocelyn,37,www.myschool.com,93m
2023-02-04 03:01:24,Kenneth,209,www.myschool.com,102m
2023-02-03 13:15:49,Adrian,107,www.myschool.com,29m
2023-02-03 06:42:30,Kelsey,162,www.myschool.com,49m
2023-02-03 00:41:17,Brittany,188,www.myschool.com,12m
2023-02-02 21:57:03,Hayden,123,www.myschool.com,102m
2023-02-02 02:49:04,Melanie,391,www.myschool.com,112m
2023-02-02 00:30:13,Eduardo,52,www.myschool.com,86m
2023-02-01 17:27:07,Erin,194,www.myschool.com,52m
2023-02-01 17:22:06,Alana,346,www.myschool.com,52m
2023-02-01 01:44:20,Owen,358,www.myschool.com,119m
2023-01-31 11:36:22,Sergio,117,www.myschool.com,84m
2023-01-31 05:07:24,Alexia,383,www.myschool.com,20m
2023-01-31 01:28:34,Tyler,192,www.myschool.com,48m
2023-01-30 19:45:54,Allison,126,www.myschool.com,97m
2023-01-29 23:49:21,Maya,95,www.myschool.com,58m
2023-01-29 21:22:16,Jayla,63,www.myschool.com,107m
2023-01-29 17:09:19,Brittany,188,www.myschool.com,115m
2023-01-29 11:06:54,Alicia,83,www.myschool.com,34m
2023-01-28 21:16:46,Savannah,91,www.myschool.com,41m
2023-01-28 12:40:07,Sarah,128,www.myschool.com,68m
2023-01-28 09:49:14,Isaac,181,www.myschool.com,112m
2023-01-28 09:47:41,Jordyn,289,www.myschool.com,63m
2023-01-27 19:49:08,Malachi,320,www.myschool.com,98m
2023-01-27 19:44:44,Jesus,342,www.myschool.com,12m
2023-01-27 16:00:33,Valerie,143,www.myschool.com,26m
2023-01-27 09:41:07,Tyler,192,www.myschool.com,92m
2023-01-27 06:02:50,Isabelle,322,www.myschool.com,84m
2023-01-27 05:03:10,Ian,319,www.myschool.com,87m
2023-01-27 00:54:11,Haley,216,www.myschool.com,100m
2023-01-26 15:41:04,Amelia,106,www.myschool.com,97m
2023-01-26 13:42:11,Anna,326,www.myschool.com,70m
2023-01-26 11:25:36,Jason,119,www.myschool.com,84m
2023-01-26 07:13:37,Evelyn,180,www.myschool.com,85m
2023-01-26 04:27:25,Erin,194,www.myschool.com,0m
2023-01-25 23:44:30,Dylan,237,www.myschool.com,31m
2023-01-25 18:41:56,Mariah,89,www.myschool.com,99m
2023-01-25 15:41:25,Nicolas,110,www.myschool.com,14m
2023-01-25 01:49:11,Bryce,232,www.myschool.com,5m
2023-01-25 01:41:07,Jesse,186,www.myschool.com,49m
2023-01-24 13:08:57,Charlotte,77,www.myschool.com,44m
2023-01-24 13:05:10,Antonio,121,www.myschool.com,38m
2023-01-24 12:52:16,Abby,260,www.myschool.com,56m
2023-01-24 07:31:56,Addison,158,www.myschool.com,61m
2023-01-23 16:18:49,Aubrey,10,www.myschool.com,7m
2023-01-22 20:41:47,Raymond,208,www.myschool.com,46m
2023-01-22 17:51:45,Caleb,275,www.myschool.com,8m
2023-01-22 15:58:49,Aaliyah,21,www.myschool.com,95m
2023-01-22 11:58:35,Chelsea,252,www.myschool.com,70m
2023-01-22 09:19:35,Colby,264,www.myschool.com,14m
2023-01-22 04:43:38,Mary,73,www.myschool.com,53m
2023-01-22 04:09:30,Erica,231,www.myschool.com,13m
2023-01-22 03:53:05,Isaiah,69,www.myschool.com,38m
2023-01-22 01:42:10,Amy,70,www.myschool.com,103m
2023-01-21 18:38:38,Genesis,129,www.myschool.com,68m
2023-01-21 16:32:18,Adrian,107,www.myschool.com,101m
2023-01-21 12:42:55,Eduardo,52,www.myschool.com,37m
2023-01-20 16:58:49,Alan,104,www.myschool.com,15m
2023-01-20 14:40:18,Antonio,121,www.myschool.com,114m
2023-01-20 09:49:08,Jade,22,www.myschool.com,103m
2023-01-20 07:06:27,Josiah,80,www.myschool.com,113m
2023-01-20 06:23:08,Alan,104,www.myschool.com,59m
2023-01-19 00:53:03,Brendan,392,www.myschool.com,113m
2023-01-18 23:17:35,George,20,www.myschool.com,111m
2023-01-18 13:55:06,Parker,133,www.myschool.com,53m
2023-01-18 10:14:57,Elijah,341,www.myschool.com,13m
2023-01-18 04:29:27,Fernando,238,www.myschool.com,105m
2023-01-17 15:49:41,Luke,45,www.myschool.com,82m
2023-01-17 00:13:42,Addison,158,www.myschool.com,47m
2023-01-16 19:56:27,Julian,187,www.myschool.com,90m
2023-01-16 13:23:58,Sophie,113,www.myschool.com,105m
2023-01-16 13:19:49,Jorge,390,www.myschool.com,22m
2023-01-16 02:28:59,Jazmin,294,www.myschool.com,21m
2023-01-15 21:19:02,Brady,331,www.myschool.com,65m
2023-01-15 03:51:27,Cristian,59,www.myschool.com,5m
2023-01-14 20:43:58,Gabriella,359,www.myschool.com,92m
2023-01-14 16:33:48,Addison,158,www.myschool.com,75m
2023-01-14 12:54:26,Victor,201,www.myschool.com,60m
2023-01-14 04:36:03,Mariah,89,www.myschool.com,37m
2023-01-13 20:30:02,Madeline,66,www.myschool.com,21m
2023-01-13 20:14:32,Colby,264,www.myschool.com,73m
2023-01-13 14:59:33,Kevin,67,www.myschool.com,47m
2023-01-12 23:14:13,Skylar,302,www.myschool.com,77m
2023-01-12 20:04:17,Evelyn,180,www.myschool.com,100m
2023-01-12 18:42:30,Sabrina,197,www.myschool.com,26m
2023-01-12 18:12:00,Kelsey,162,www.myschool.com,23m
2023-01-12 11:42:07,Summer,241,www.myschool.com,5m
2023-01-12 10:25:47,Gage,329,www.myschool.com,91m
2023-01-12 02:17:35,Nathan,279,www.myschool.com,9m
2023-01-11 14:24:02,Hailey,116,www.myschool.com,71m
2023-01-11 13:13:34,Christopher,148,www.myschool.com,58m
2023-01-11 10:56:03,Emily,100,www.myschool.com,71m
2023-01-11 04:20:10,Ana,395,www.myschool.com,76m
2023-01-10 17:35:31,Lillian,173,www.myschool.com,64m
2023-01-10 14:16:49,Sydney,226,www.myschool.com,52m
2023-01-10 11:08:14,Savannah,91,www.myschool.com,97m
2023-01-10 06:45:56,Isabelle,322,www.myschool.com,58m
2023-01-10 03:23:34,Emma,41,www.myschool.com,88m
2023-01-10 02:14:59,Ayden,287,www.myschool.com,88m
2023-01-09 20:54:40,Addison,158,www.myschool.com,97m
2023-01-09 16:58:58,Jaden,384,www.myschool.com,58m
2023-01-09 16:11:01,Jocelyn,37,www.myschool.com,45m
2023-01-09 04:56:53,Lucas,205,www.myschool.com,58m
2023-01-08 22:53:27,Fernando,238,www.myschool.com,9m
2023-01-08 01:02:22,Trinity,87,www.myschool.com,37m
2023-01-07 16:38:09,Catherine,389,www.myschool.com,117m
2023-01-07 11:27:56,James,164,www.myschool.com,22m
2023-01-07 10:40:32,Chase,333,www.myschool.com,4m
2023-01-07 06:29:17,Connor,224,www.myschool.com,33m
2023-01-06 10:24:04,Alexander,214,www.myschool.com,67m
2023-01-06 10:22:17,Faith,338,www.myschool.com,112m
2023-01-06 09:51:15,Reagan,27,www.myschool.com,83m
2023-01-06 07:58:24,Braden,152,www.myschool.com,106m
2023-01-06 02:45:31,Isabel,218,www.myschool.com,52m
2023-01-05 19:26:28,Malachi,320,www.myschool.com,54m
2023-01-05 13:20:46,Caleb,275,www.myschool.com,54m
2023-01-05 13:01:43,Xavier,262,www.myschool.com,73m
2023-01-05 01:30:48,Jayla,63,www.myschool.com,14m
2023-01-04 12:01:32,Manuel,350,www.myschool.com,117m
2023-01-04 11:41:23,Lauren,76,www.myschool.com,30m
2023-01-04 06:04:04,Sophie,113,www.myschool.com,80m
2023-01-03 08:49:48,Audrey,61,www.myschool.com,50m
2023-01-03 02:02:34,Gracie,258,www.myschool.com,29m
2023-01-02 06:12:03,Mark,16,www.myschool.com,103m
2023-01-02 03:59:21,Amy,70,www.myschool.com,30m
2023-01-01 23:01:14,Mia,40,www.myschool.com,68m
2023-01-01 12:20:45,Parker,133,www.myschool.com,107m
2023-01-01 09:32:47,Carter,7,www.myschool.com,93m
2023-01-01 04:50:10,Johnathan,295,www.myschool.com,0m
